"image","xmin","ymin","xmax","ymax","label"
"trawienie_13.jpg",333.0722891566265,35.974304068522486,460.3012048192771,113.06209850107066,"Sylimarol"
"trawienie_13.jpg",456.4457831325301,38.54389721627409,583.6746987951807,111.77730192719486,"Sylimarol"
"trawienie_13.jpg",582.3895582329317,17.987152034261243,662.0682730923694,114.34689507494646,"Essentiale Forte"
"trawienie_13.jpg",659.4979919678715,20.556745182012847,737.8915662650602,113.06209850107065,"Essentiale Forte"
"trawienie_13.jpg",735.3212851405623,17.987152034261243,813.714859437751,111.77730192719486,"Essentiale MAX"
"trawienie_13.jpg",809.8594377510041,17.987152034261243,886.9678714859438,113.06209850107066,"Essentiale MAX"
"trawienie_13.jpg",343.35341365461846,283.9400428265524,500.14056224899593,373.8758029978586,"Verdin Complexx"
"trawienie_13.jpg",339.4979919678715,197.85867237687364,502.71084337349396,283.9400428265524,"Verdin Complexx"
"trawienie_13.jpg",501.425702811245,283.9400428265524,654.3574297188756,363.5974304068522,"DOZ Travium"
"trawienie_13.jpg",510.421686746988,204.28265524625266,658.2128514056225,287.7944325481799,"DOZ Travium"
"trawienie_13.jpg",654.3574297188756,285.22483940042827,806.004016064257,376.4453961456103,"DOZ Travium"
"trawienie_13.jpg",655.6425702811244,206.85224839400428,806.004016064257,289.07922912205566,"DOZ Travium"
"trawienie_13.jpg",802.14859437751,290.36402569593145,915.2409638554217,373.8758029978586,"DOZ Na watrobe FORTE"
"trawienie_13.jpg",798.2931726907631,214.56102783725908,915.2409638554217,294.21841541755884,"DOZ Na watrobe FORTE"
"trawienie_13.jpg",910.1004016064257,286.50963597430405,1029.6184738955824,375.16059957173445,"DOZ Na watrobe FORTE"
"trawienie_13.jpg",908.8152610441767,202.99785867237685,1033.4738955823293,296.78800856531046,"DOZ Na watrobe FORTE"
"trawienie_13.jpg",1024.4779116465863,287.7944325481799,1090.0200803212851,375.16059957173445,"Hepatil"
"trawienie_13.jpg",1025.7630522088352,199.14346895074945,1087.4497991967871,291.6488222698073,"Hepatil"
"trawienie_13.jpg",1084.879518072289,282.65524625267665,1151.7068273092368,373.87580299785867,"Hepatil"
"trawienie_13.jpg",1081.0240963855422,201.71306209850107,1140.140562248996,292.93361884368306,"Hepatil"
"trawienie_13.jpg",370.3413654618474,546.0385438972163,511.7068273092369,635.9743040685225,"Controloc Control"
"trawienie_13.jpg",512.9919678714859,548.6081370449679,651.7871485943775,632.119914346895,"Controloc Control"
"trawienie_13.jpg",647.9317269076305,546.0385438972163,775.1606425702811,642.3982869379015,"Bioprazol MAX"
"trawienie_13.jpg",646.6465863453815,452.24839400428266,776.4457831325301,546.0385438972163,"Bioprazol MAX"
"trawienie_13.jpg",771.3052208835342,543.4689507494646,898.5341365461848,632.119914346895,"Bioprazol MAX"
"trawienie_13.jpg",770.0200803212851,457.38758029978584,899.8192771084338,547.323340471092,"Bioprazol MAX"
"trawienie_13.jpg",894.6787148594377,538.3297644539614,1023.1927710843373,629.5503211991434,"Bioprazol MAX"
"trawienie_13.jpg",895.9638554216867,452.24839400428266,1025.7630522088352,546.0385438972163,"Bioprazol MAX"
"trawienie_13.jpg",1019.3373493975904,540.8993576017131,1150.421686746988,630.8351177730193,"Bioprazol MAX"
"trawienie_13.jpg",1015.4819277108434,452.24839400428266,1145.2811244979919,540.8993576017131,"Bioprazol MAX"
"trawienie_13.jpg",361.3453815261044,820.985010706638,541.2650602409639,896.7880085653104,"Ortanol MAX"
"trawienie_13.jpg",371.6265060240964,729.7644539614561,528.4136546184739,820.985010706638,"DOZ Travium"
"trawienie_13.jpg",538.6947791164658,817.1306209850106,719.8995983935743,894.2184154175588,"Ortanol MAX"
"trawienie_13.jpg",538.6947791164658,746.4668094218415,719.8995983935743,820.985010706638,"Ortanol MAX"
"trawienie_13.jpg",721.1847389558233,826.1241970021413,850.9839357429719,886.509635974304,"Espumisan"
"trawienie_13.jpg",723.7550200803213,770.8779443254817,854.8393574297189,829.9785867237687,"Espumisan"
"trawienie_13.jpg",725.0401606425703,680.9421841541756,836.847389558233,774.7323340471092,"Enteris defence"
"trawienie_13.jpg",848.4136546184739,835.1177730192719,980.7831325301204,889.0792291220556,"Espumisan"
"trawienie_13.jpg",848.4136546184739,773.4475374732334,982.0682730923695,836.4025695931477,"Espumisan"
"trawienie_13.jpg",975.6425702811244,802.9978586723769,1086.164658634538,887.7944325481799,"Ulgix wzdecia MAX"
"trawienie_13.jpg",1082.309236947791,802.9978586723769,1201.8273092369477,889.0792291220557,"Ulgix wzdecia MAX"
"trawienie_13.jpg",975.6425702811244,736.188436830835,1151.7068273092368,804.2826552462526,"Ortanol MAX"
"trawienie_13.jpg",333.0722891566265,985.4389721627408,442.30923694779113,1074.089935760171,"DOZ Probiotyk"
"trawienie_13.jpg",439.73895582329317,990.578158458244,547.6907630522088,1070.2355460385438,"DOZ Probiotyk"
"trawienie_13.jpg",543.8353413654619,986.7237687366166,650.5020080321285,1074.0899357601713,"DOZ Probiotyk"
"trawienie_13.jpg",415.3212851405622,1097.2162740899357,532.2690763052209,1178.1584582441112,"DOZ Probiotyk"
"trawienie_13.jpg",533.5542168674699,1095.9314775160599,642.7911646586346,1176.8736616702354,"DOZ Probiotyk"
"trawienie_13.jpg",1088.7349397590363,1067.6659528907921,1241.6666666666667,1173.019271948608,"Dicoflor kapsulki 60"
"trawienie_13.jpg",712.1887550200803,990.578158458244,829.1365461847389,1089.507494646681,"Enteris defence"
"trawienie_13.jpg",1145.2811244979919,285.22483940042827,1209.5381526104416,371.30620985010705,"Hepatil Slim"
"trawienie_12.jpg",237.9718875502008,0,390.9036144578313,84.79657387580299,"Sylimarol"
"trawienie_12.jpg",392.1887550200803,2.569593147751606,545.1204819277108,86.0813704496788,"Sylimarol"
"trawienie_12.jpg",250.82329317269077,210.70663811563168,432.0281124497992,309.6359743040685,"Verdin Complexx"
"trawienie_12.jpg",226.40562248995982,305.7815845824411,430.7429718875502,418.8436830835118,"Verdin Complexx"
"trawienie_12.jpg",428.17269076305223,192.71948608137043,627.3694779116466,309.6359743040685,"DOZ Travium"
"trawienie_12.jpg",623.5140562248996,192.71948608137043,818.8554216867469,312.2055674518201,"DOZ Travium"
"trawienie_12.jpg",428.17269076305223,307.0663811563169,627.1485943775101,416.2740899357602,"DOZ Travium"
"trawienie_12.jpg",622.2289156626506,310.92077087794434,821.425702811245,418.8436830835118,"DOZ Travium"
"trawienie_12.jpg",816.285140562249,206.85224839400428,962.7911646586346,321.19914346895075,"DOZ Na watrobe FORTE"
"trawienie_12.jpg",815,319.9143468950749,960.2208835341365,417.55888650963595,"DOZ Na watrobe FORTE"
"trawienie_12.jpg",958.9357429718875,313.4903640256959,1105.441767068273,421.41327623126335,"DOZ Na watrobe FORTE"
"trawienie_12.jpg",961.5060240963855,202.99785867237685,1109.29718875502,319.9143468950749,"DOZ Na watrobe FORTE"
"trawienie_12.jpg",1100.301204819277,301.9271948608137,1185.1204819277107,427.83725910064237,"Hepatil"
"trawienie_12.jpg",1179.9799196787149,303.2119914346895,1258.3734939759036,420.1284796573875,"Hepatil"
"trawienie_12.jpg",252.10843373493975,641.1134903640257,428.1726907630522,755.4603854389721,"Controloc Control"
"trawienie_12.jpg",420.4618473895582,635.9743040685224,604.2369477911647,754.1755888650963,"Controloc Control"
"trawienie_12.jpg",617.0883534136547,633.4047109207709,784.1566265060242,755.4603854389721,"Bioprazol MAX"
"trawienie_12.jpg",611.9477911646586,520.3426124197002,777.7309236947791,642.3982869379015,"Bioprazol MAX"
"trawienie_12.jpg",776.4457831325301,635.9743040685224,942.2289156626506,751.6059957173447,"Bioprazol MAX"
"trawienie_12.jpg",771.3052208835342,525.4817987152034,939.6586345381527,635.9743040685224,"Bioprazol MAX"
"trawienie_12.jpg",935.8032128514056,635.9743040685224,1100.3012048192772,751.6059957173447,"Bioprazol MAX"
"trawienie_12.jpg",931.9477911646586,522.9122055674518,1100.301204819277,637.2591006423983,"Bioprazol MAX"
"trawienie_12.jpg",1095.1606425702812,634.6895074946466,1275.0803212851406,752.8907922912205,"Bioprazol MAX"
"trawienie_12.jpg",1097.7309236947792,521.627408993576,1271.2248995983937,637.2591006423983,"Bioprazol MAX"
"trawienie_12.jpg",231.54618473895582,908.3511777301925,456.4457831325301,1003.4261241970019,"Ortanol MAX"
"trawienie_12.jpg",239.03614457831324,993.1477516059956,464.15662650602405,1089.507494646681,"Ortanol MAX"
"trawienie_12.jpg",464.1566265060241,970.0214132762312,664.6385542168675,1089.507494646681,"DOZ Olej z wiesiolka"
"trawienie_12.jpg",710.9036144578313,1016.2740899357601,880.5421686746988,1088.222698072805,"Espumisan"
"trawienie_12.jpg",704.4779116465863,935.3319057815845,874.1164658634539,1016.2740899357601,"Espumisan"
"trawienie_12.jpg",876.6867469879518,1018.8436830835117,1046.3253012048192,1093.3618843683082,"Espumisan"
"trawienie_12.jpg",870.2610441767068,941.7558886509636,1046.3253012048192,1016.2740899357601,"Espumisan"
"trawienie_12.jpg",1038.6144578313254,989.2933618843682,1194.1164658634539,1094.646680942184,"Ulgix wzdecia MAX"
"trawienie_12.jpg",1190.2610441767067,986.7237687366166,1338.0522088353412,1101.070663811563,"Ulgix wzdecia MAX"
"trawienie_12.jpg",1254.5180722891566,312.2055674518201,1335.4819277108434,413.70449678800856,"Hepatil Slim"
"trawienie_11.jpg",656.9277108433735,151.60599571734474,728.8955823293172,242.82655246252676,"Essentiale Forte"
"trawienie_11.jpg",727.6104417670683,156.74518201284792,799.5783132530121,240.25695931477512,"Essentiale MAX"
"trawienie_11.jpg",795.722891566265,152.89079229122055,872.8313253012047,242.82655246252676,"Essentiale MAX"
"trawienie_11.jpg",593.9558232931727,168.30835117773017,659.4979919678715,242.82655246252676,"Essentiale Forte"
"trawienie_11.jpg",577.2489959839357,238.97216274089934,656.9277108433735,328.90792291220555,"Essentiale Forte"
"trawienie_11.jpg",651.7871485943775,240.25695931477514,725.0401606425703,327.6231263383297,"Essentiale Forte"
"trawienie_11.jpg",726.3253012048193,241.54175588865095,794.437751004016,327.62312633832977,"Essentiale MAX"
"trawienie_11.jpg",790.5823293172691,241.54175588865095,863.8353413654619,327.62312633832977,"Essentiale MAX"
"trawienie_11.jpg",353.63453815261045,403.42612419700214,502.71084337349396,492.07708779443254,"Verdin Complexx"
"trawienie_11.jpg",345.9236947791165,490.7922912205567,502.71084337349396,573.0192719486081,"Verdin Complexx"
"trawienie_11.jpg",498.8554216867469,403.42612419700214,647.710843373494,495.93147751605994,"DOZ Travium"
"trawienie_11.jpg",642.7911646586346,409.85010706638116,794.437751004016,495.93147751605994,"DOZ Travium"
"trawienie_11.jpg",502.71084337349396,492.07708779443254,649.2168674698795,575.5888650963598,"DOZ Travium"
"trawienie_11.jpg",645.3614457831326,493.3618843683083,790.5823293172691,579.4432548179872,"DOZ Travium"
"trawienie_11.jpg",791.867469879518,422.6980728051392,901.1044176706827,499.7858672376874,"DOZ Na watrobe FORTE"
"trawienie_11.jpg",785.4417670682731,499.78586723768734,895.9638554216867,575.5888650963598,"DOZ Na watrobe FORTE"
"trawienie_11.jpg",895.9638554216867,498.50107066381156,1005.2008032128514,578.1584582441113,"DOZ Na watrobe FORTE"
"trawienie_11.jpg",895.9638554216867,420.1284796573876,1009.0562248995984,499.78586723768734,"DOZ Na watrobe FORTE"
"trawienie_11.jpg",1003.9156626506023,493.36188436830827,1064.0963855421687,582.0128479657387,"Hepatil"
"trawienie_11.jpg",1059.1767068273093,489.5074946466809,1123.4337349397592,582.0128479657387,"Hepatil"
"trawienie_11.jpg",993.6345381526104,648.8222698072805,1132.429718875502,742.6124197002141,"Bioprazol MAX"
"trawienie_11.jpg",998.7751004016064,746.4668094218415,1133.714859437751,835.1177730192719,"Bioprazol MAX"
"trawienie_11.jpg",877.9718875502008,651.3918629550321,1000.0602409638554,741.3276231263384,"Bioprazol MAX"
"trawienie_11.jpg",872.8313253012049,738.7580299785867,997.4899598393574,828.693790149893,"Bioprazol MAX"
"trawienie_11.jpg",755.8835341365461,738.7580299785867,877.9718875502008,824.8394004282655,"Bioprazol MAX"
"trawienie_11.jpg",755.8835341365461,650.1070663811563,875.4016064257028,738.7580299785867,"Bioprazol MAX"
"trawienie_11.jpg",636.3654618473896,641.1134903640257,755.8835341365462,740.0428265524624,"Bioprazol MAX"
"trawienie_11.jpg",635.0803212851406,736.188436830835,754.5983935742972,824.8394004282654,"Bioprazol MAX"
"trawienie_11.jpg",509.13654618473896,734.9036402569591,642.7911646586346,822.2698072805136,"Controloc Control"
"trawienie_11.jpg",366.4859437751004,737.4732334047109,505.281124497992,818.4154175588865,"Controloc Control"
"trawienie_11.jpg",376.7670682730923,671.948608137045,550.2610441767067,746.4668094218415,"Ortanol MAX"
"trawienie_11.jpg",344.6385542168675,990.578158458244,523.2730923694779,1076.6595289079228,"Ortanol MAX"
"trawienie_11.jpg",516.847389558233,1002.1413276231262,687.7710843373494,1077.9443254817986,"Ortanol MAX"
"trawienie_11.jpg",867.6907630522088,158.02997858672376,928.0923694779116,240.25695931477514,"Kreon Travix"
"trawienie_11.jpg",928.0923694779117,152.89079229122055,985.9236947791165,237.68736616702353,"Kreon Travix"
"trawienie_11.jpg",985.9236947791163,151.60599571734474,1037.1084337349398,232.54817987152035,"Kreon Travix"
"trawienie_11.jpg",826.566265060241,1023.9828693790148,953.574297188755,1085.6531049250534,"Espumisan"
"trawienie_11.jpg",703.1927710843373,962.3126338329764,832.9919678714859,1021.4132762312634,"Espumisan"
"trawienie_11.jpg",829.1365461847389,966.1670235546038,957.6506024096385,1031.6916488222698,"Espumisan"
"trawienie_11.jpg",701.9076305220883,1023.9828693790149,832.9919678714859,1077.9443254817986,"Espumisan"
"trawienie_11.jpg",953.7951807228916,1000.8565310492505,1068.1726907630523,1085.6531049250534,"Ulgix wzdecia MAX"
"trawienie_11.jpg",1060.4618473895582,1004.7109207708779,1181.2650602409637,1092.0770877944326,"Ulgix wzdecia MAX"
"trawienie_11.jpg",348.49397590361446,190.14989293361884,466.7269076305221,263.3832976445396,"Sylimarol"
"trawienie_11.jpg",351.0642570281124,262.0985010706638,471.867469879518,327.62312633832977,"Sylimarol"
"trawienie_11.jpg",474.43775100401604,196.57387580299786,593.9558232931727,265.9528907922912,"Sylimarol"
"trawienie_11.jpg",465.44176706827295,263.38329764453954,584.7389558232932,334.0471092077088,"Sylimarol"
"trawienie_11.jpg",1030.9036144578313,214.56102783725908,1081.0240963855422,325.05353319057815,"Iberogast"
"trawienie_11.jpg",1072.0281124497992,206.85224839400428,1122.14859437751,325.05353319057815,"Iberogast"
"trawienie_11.jpg",1120.863453815261,202.99785867237685,1179.9799196787149,328.90792291220555,"Iberogast"
"trawienie_11.jpg",1119.578313253012,497.2162740899357,1181.265060240964,578.1584582441113,"Hepatil Slim"
"trawienie_10.jpg",515.562248995984,101.49892933618843,615.8032128514056,231.2633832976445,"Essentiale Forte"
"trawienie_10.jpg",712.1887550200803,104.06852248394004,816.0642570281125,235.11777301927197,"Essentiale Forte"
"trawienie_10.jpg",615.8032128514056,102.78372591006423,718.6144578313254,232.54817987152035,"Essentiale Forte"
"trawienie_10.jpg",811.144578313253,102.78372591006423,913.9558232931727,232.54817987152035,"Essentiale Forte"
"trawienie_10.jpg",907.5301204819277,98.92933618843682,1015.4819277108434,229.97858672376873,"Essentiale Forte"
"trawienie_10.jpg",473.1526104417671,337.9014989293362,666.9879518072289,450.9635974304068,"DOZ Travium"
"trawienie_10.jpg",471.86746987951807,449.67880085653104,667.2088353413654,564.0256959314775,"DOZ Travium"
"trawienie_10.jpg",952.5100401606426,462.5267665952891,1093.875502008032,567.880085653105,"DOZ Na watrobe FORTE"
"trawienie_10.jpg",951.2248995983936,350.7494646680942,1105.441767068273,463.81156316916486,"DOZ Na watrobe FORTE"
"trawienie_10.jpg",812.429718875502,355.8886509635974,951.2248995983936,459.95717344753746,"DOZ Na watrobe FORTE"
"trawienie_10.jpg",676.2048192771084,355.8886509635974,815,461.24197002141324,"DOZ Na watrobe FORTE"
"trawienie_10.jpg",667.2088353413654,461.24197002141324,808.574297188755,569.1648822269807,"DOZ Na watrobe FORTE"
"trawienie_10.jpg",804.718875502008,462.5267665952891,947.14859437751,569.1648822269807,"DOZ Na watrobe FORTE"
"trawienie_10.jpg",1093.875502008032,457.3875802997858,1177.1887550200804,565.3104925053532,"Hepatil"
"trawienie_10.jpg",1099.0160642570281,348.1798715203426,1182.5502008032129,458.6723768736616,"Hepatil"
"trawienie_10.jpg",1179.9799196787149,348.1798715203426,1264.7991967871485,457.38758029978584,"Hepatil"
"trawienie_10.jpg",1173.55421686747,458.6723768736616,1253.2329317269077,569.1648822269807,"Hepatil"
"trawienie_10.jpg",1173.55421686747,458.6723768736616,1253.2329317269077,569.1648822269807,"Enteris defence"
"trawienie_10.jpg",597.5903614457832,1057.387580299786,739.1767068273091,1165.3104925053533,"Enteris defence"
"trawienie_10.jpg",736.6064257028113,1057.387580299786,875.4016064257029,1178.1584582441114,"Enteris balance"
"trawienie_10.jpg",872.8313253012049,1053.5331905781584,1015.4819277108434,1179.443254817987,"Enteris immune"
"trawienie_10.jpg",1100.301204819277,1054.817987152034,1296.9277108433735,1188.4368308351175,"Dicoflor kapsulki 60"
"trawienie_10.jpg",1005.2008032128514,984.1541755888651,1055.3212851405622,1063.8115631691649,"Dicoflor krople 5"
"trawienie_10.jpg",1056.6064257028113,985.4389721627408,1109.2971887550202,1070.2355460385438,"Dicoflor krople 5"
"trawienie_10.jpg",1060.461847389558,1076.6595289079228,1105.4417670682728,1184.5824411134902,"Dicoflor krople 5"
"trawienie_10.jpg",1012.6907630522088,1085.6531049250534,1055.3212851405622,1180.728051391863,"Dicoflor krople 5"
"trawienie_10.jpg",390.90361445783134,1052.2483940042825,523.2730923694779,1151.1777301927193,"DOZ Probiotyk"
"trawienie_10.jpg",388.3333333333333,953.3190578158458,527.1285140562248,1053.5331905781584,"DOZ Probiotyk"
"trawienie_10.jpg",411.46586345381525,763.1691648822269,593.9558232931727,868.5224839400428,"Controloc Control"
"trawienie_10.jpg",590.1004016064257,761.8843683083511,762.3092369477912,868.5224839400428,"Controloc Control"
"trawienie_10.jpg",402.4698795180723,656.5310492505353,584.9598393574297,770.8779443254817,"Controloc Control"
"trawienie_10.jpg",586.2449799196787,650.1070663811563,764.8795180722891,764.4539614561028,"Controloc Control"
"trawienie_10.jpg",763.5943775100399,756.7451820128476,921.4457831325301,878.8008565310492,"Polprazol MAX"
"trawienie_10.jpg",917.8112449799197,760.5995717344754,1082.3092369477913,880.0856531049251,"Polprazol MAX"
"trawienie_10.jpg",1078.4538152610442,707.9229122055674,1321.3453815261043,795.289079229122,"Ortanol MAX"
"trawienie_10.jpg",1084.879518072289,794.0042826552462,1318.7751004016063,890.3640256959314,"Ortanol MAX"
"trawienie_10.jpg",1010.3413654618474,100.21413276231263,1099.0160642570281,231.26338329764454,"Kreon Travix"
"trawienie_10.jpg",1093.875502008032,101.49892933618843,1177.4096385542168,232.54817987152035,"Kreon Travix"
"trawienie_10.jpg",1172.2690763052208,66.80942184154175,1238.875502008032,236.40256959314775,"Iberogast"
"trawienie_10.jpg",1224.9598393574297,68.09421841541756,1299.4979919678715,233.83297644539613,"Iberogast"
"trawienie_10.jpg",1286.6465863453816,56.53104925053533,1376.6064257028113,231.2633832976445,"Iberogast"
"trawienie_10.jpg",267.5301204819277,440.6852248394004,471.8674698795181,562.7408993576016,"Verdin Complexx"
"trawienie_10.jpg",333.0722891566265,38.54389721627409,509.1365461847389,140.04282655246251,"Sylimarol"
"trawienie_10.jpg",357.4899598393574,136.18843683083512,520.7028112449799,236.40256959314775,"Sylimarol"
"trawienie_10.jpg",1250.6626506024097,465.09635974304064,1335.4819277108434,570.4496788008564,"Hepatil Slim"
"trawienie_10.jpg",1259.6586345381527,355.8886509635974,1345.7630522088355,465.09635974304064,"Hepatil Slim"
"trawienie_1.jpg",280.3815261044177,625.6959314775161,489.859437751004,696.3597430406852,"Voltaren MAX"
"trawienie_1.jpg",281.6666666666667,698.9293361884368,487.28915662650604,759.3147751605995,"Voltaren MAX"
"trawienie_1.jpg",303.5140562248996,809.4218415417558,479.5783132530121,856.9593147751606,"Voltaren MAX"
"trawienie_1.jpg",302.2289156626506,958.458244111349,486.00401606425703,1013.7044967880086,"Voltaren MAX"
"trawienie_1.jpg",303.5140562248996,909.6359743040684,488.57429718875505,963.5974304068521,"Voltaren MAX"
"trawienie_1.jpg",299.6586345381526,863.3832976445395,482.14859437751005,912.20556745182,"Voltaren MAX"
"trawienie_1.jpg",593.9558232931727,936.6167023554603,700.6224899598393,1014.9892933618843,"DOZ Probiotyk"
"trawienie_1.jpg",586.0240963855422,804.2826552462526,691.6265060240961,858.2441113490362,"DOZ Probiotyk"
"trawienie_1.jpg",583.6746987951807,865.9528907922912,700.6224899598393,939.186295503212,"DOZ Probiotyk"
"trawienie_1.jpg",491.144578313253,937.9014989293362,595.2409638554217,1008.5653104925053,"DOZ Probiotyk"
"trawienie_1.jpg",477.00803212851406,808.13704496788,583.6746987951807,860.813704496788,"DOZ Probiotyk"
"trawienie_1.jpg",479.3574297188755,865.9528907922912,589.8795180722891,941.7558886509636,"DOZ Probiotyk"
"trawienie_1.jpg",1020.6224899598393,931.4775160599571,1136.285140562249,1032.9764453961454,"Enteris immune"
"trawienie_1.jpg",910.1004016064257,937.9014989293362,1024.4779116465863,1030.406852248394,"Enteris balance"
"trawienie_1.jpg",1161.987951807229,932.762312633833,1266.0843373493976,1038.1156316916488,"Enteris defence w saszetkach"
"trawienie_1.jpg",1161.987951807229,932.762312633833,1266.0843373493976,1038.1156316916488,"Voltaren MAX"
"trawienie_1.jpg",1160.70281124498,820.985010706638,1264.7991967871487,931.4775160599571,"Enteris defence w saszetkach"
"trawienie_1.jpg",1259.6586345381527,936.6167023554603,1381.5261044176707,1035.546038543897,"Enteris defence"
"trawienie_1.jpg",1259.6586345381527,936.6167023554603,1381.5261044176707,1035.546038543897,"DOZ Probiotyk"
"trawienie_1.jpg",1259.6586345381527,936.6167023554603,1381.5261044176707,1035.546038543897,"Enteris immune"
"trawienie_1.jpg",1259.6586345381527,936.6167023554603,1381.5261044176707,1035.546038543897,"Voltaren MAX"
"trawienie_1.jpg",637.6506024096385,666.8094218415417,763.5943775100401,756.745182012848,"Bioprazol MAX"
"trawienie_1.jpg",761.0240963855422,668.0942184154176,892.1084337349398,760.5995717344754,"Bioprazol MAX"
"trawienie_1.jpg",782.871485943775,557.6017130620985,899.8192771084337,646.2526766595289,"Bioprazol MAX"
"trawienie_1.jpg",665.9236947791164,558.8865096359742,773.8755020080321,646.2526766595288,"Bioprazol MAX"
"trawienie_1.jpg",898.5341365461848,688.6509635974304,1082.3092369477913,763.1691648822269,"Ortanol MAX"
"trawienie_1.jpg",1078.4538152610442,687.3661670235546,1272.5100401606426,761.8843683083511,"Ortanol MAX"
"trawienie_1.jpg",618.3734939759036,86.0813704496788,752.0281124497992,168.30835117773017,"Sylimarol"
"trawienie_1.jpg",488.574297188755,92.5053533190578,622.2289156626506,164.45396145610277,"Sylimarol"
"trawienie_1.jpg",610.6626506024096,10.278372591006423,746.8875502008032,86.08137044967879,"Sylimarol"
"trawienie_1.jpg",483.433734939759,15.417558886509635,614.5180722891566,89.93576017130621,"Sylimarol"
"trawienie_1.jpg",749.4578313253012,55.24625267665952,831.7068273092369,164.45396145610277,"Essentiale Forte"
"trawienie_1.jpg",913.9558232931727,47.53747323340471,997.4899598393574,160.59957173447538,"Essentiale Forte"
"trawienie_1.jpg",827.85140562249,51.39186295503212,913.7349397590363,165.73875802997858,"Essentiale Forte"
"trawienie_1.jpg",993.6345381526104,43.6830835117773,1084.879518072289,154.17558886509636,"Essentiale MAX"
"trawienie_1.jpg",1091.305220883534,35.974304068522486,1183.8353413654618,154.17558886509636,"Essentiale MAX"
"trawienie_1.jpg",1179.9799196787149,33.404710920770874,1271.2248995983937,149.03640256959315,"Essentiale MAX"
"trawienie_1.jpg",699.3373493975904,292.93361884368306,856.1244979919679,382.86937901498925,"Verdin Complexx"
"trawienie_1.jpg",695.4819277108434,380.2997858672377,857.4096385542168,476.6595289079229,"Verdin Complexx"
"trawienie_1.jpg",850.9839357429719,281.37044967880087,1011.6265060240964,381.5845824411135,"DOZ Travium"
"trawienie_1.jpg",852.2690763052209,382.86937901498925,1010.3413654618474,474.0899357601713,"DOZ Travium"
"trawienie_1.jpg",1016.5461847389558,286.50963597430405,1081.024096385542,377.73019271948607,"Hepatil"
"trawienie_1.jpg",1012.9116465863453,382.86937901498925,1073.313253012048,474.0899357601713,"Hepatil"
"trawienie_1.jpg",1081.0240963855422,287.7944325481799,1143.995983935743,377.73019271948607,"Hepatil"
"trawienie_1.jpg",1073.313253012048,385.43897216274087,1137.5702811244978,471.52034261241965,"Hepatil"
"trawienie_1.jpg",502.71084337349396,673.2334047109207,641.5060240963855,756.7451820128479,"Controloc Control"
"trawienie_1.jpg",548.9759036144578,562.7408993576017,669.7791164658635,644.9678800856532,"Controloc Control"
"trawienie_1.jpg",577.2489959839357,382.86937901498925,705.7630522088353,477.94432548179867,"DOZ Na watrobe FORTE"
"trawienie_1.jpg",1138.855421686747,285.22483940042827,1204.3975903614457,379.01498929336185,"Hepatil Slim"
"trawienie_1.jpg",1206.9678714859438,287.7944325481799,1273.7951807228915,377.73019271948607,"Hepatil Slim"
"trawienie_15.jpg",380.62248995983936,513.9186295503212,539.9799196787149,602.5695931477516,"Verdin Complexx"
"trawienie_15.jpg",383.1927710843373,430.406852248394,534.8393574297188,519.0578158458244,"Verdin Complexx"
"trawienie_15.jpg",450.02008032128515,286.50963597430405,573.3935742971887,359.7430406852248,"Sylimarol"
"trawienie_15.jpg",444.87951807228916,218.4154175588865,566.9678714859438,285.22483940042827,"Sylimarol"
"trawienie_15.jpg",444.87951807228916,160.59957173447538,566.9678714859438,222.26980728051393,"Sylimarol"
"trawienie_15.jpg",565.6827309236947,264.6680942184154,649.2168674698795,357.1734475374732,"Essentiale Forte"
"trawienie_15.jpg",638.9357429718875,262.0985010706638,713.4738955823293,359.74304068522486,"Essentiale Forte"
"trawienie_15.jpg",710.9036144578313,263.3832976445396,782.871485943775,358.458244111349,"Essentiale Forte"
"trawienie_15.jpg",565.6827309236947,177.3019271948608,641.5060240963855,272.37687366167023,"Essentiale Forte"
"trawienie_15.jpg",637.6506024096385,173.44753747323338,712.1887550200803,271.0920770877944,"Essentiale Forte"
"trawienie_15.jpg",708.3333333333334,177.3019271948608,781.5863453815261,267.237687366167,"Essentiale Forte"
"trawienie_15.jpg",779.0160642570281,176.017130620985,849.6987951807229,268.5224839400428,"Essentiale MAX"
"trawienie_15.jpg",780.3012048192771,264.6680942184154,849.4779116465863,353.3190578158458,"Essentiale MAX"
"trawienie_15.jpg",849.6987951807229,267.237687366167,924.2369477911647,346.89507494646676,"Essentiale MAX"
"trawienie_15.jpg",845.843373493976,187.58029978586723,911.3855421686748,263.3832976445396,"Essentiale MAX"
"trawienie_15.jpg",917.8112449799197,262.0985010706638,975.6425702811246,348.1798715203426,"Kreon Travix"
"trawienie_15.jpg",919.0963855421687,181.1563169164882,975.6425702811246,258.2441113490364,"Kreon Travix"
"trawienie_15.jpg",973.0722891566263,182.441113490364,1029.6184738955822,263.38329764453954,"Kreon Travix"
"trawienie_15.jpg",971.7871485943775,262.0985010706638,1027.0481927710844,348.1798715203426,"Kreon Travix"
"trawienie_15.jpg",536.1244979919678,512.6338329764453,680.0602409638553,597.4304068522483,"DOZ Travium"
"trawienie_15.jpg",532.2690763052209,430.406852248394,674.9196787148594,516.4882226980728,"DOZ Travium"
"trawienie_15.jpg",677.4899598393574,512.6338329764453,784.156626506024,592.2912205567451,"DOZ Na watrobe FORTE"
"trawienie_15.jpg",780.3012048192771,508.779443254818,885.6827309236949,588.4368308351178,"DOZ Na watrobe FORTE"
"trawienie_15.jpg",880.5421686746988,507.49464668094214,979.4979919678715,587.152034261242,"DOZ Na watrobe FORTE"
"trawienie_15.jpg",876.6867469879518,432.9764453961456,983.3534136546184,512.6338329764454,"DOZ Na watrobe FORTE"
"trawienie_15.jpg",673.6345381526104,440.6852248394004,781.586345381526,515.203426124197,"DOZ Na watrobe FORTE"
"trawienie_15.jpg",777.7309236947791,434.2612419700214,881.8273092369478,512.6338329764453,"DOZ Na watrobe FORTE"
"trawienie_15.jpg",978.2128514056225,502.35546038543896,1034.7590361445782,579.4432548179872,"Hepatil"
"trawienie_15.jpg",976.9277108433735,423.98286937901497,1033.4738955823293,503.64025695931474,"Hepatil"
"trawienie_15.jpg",1032.1887550200804,498.50107066381156,1083.5943775100402,579.4432548179872,"Hepatil"
"trawienie_15.jpg",1032.1887550200804,426.5524625267666,1087.4497991967871,499.78586723768734,"Hepatil"
"trawienie_15.jpg",509.13654618473896,737.4732334047109,641.5060240963855,827.4089935760171,"Controloc Control"
"trawienie_15.jpg",510.421686746988,656.5310492505353,633.7951807228916,742.6124197002141,"Controloc Control"
"trawienie_15.jpg",640.2208835341365,729.7644539614561,764.8795180722891,814.5610278372591,"Controloc Control"
"trawienie_15.jpg",635.0803212851406,652.6766595289079,754.5983935742972,731.0492505353318,"Controloc Control"
"trawienie_15.jpg",758.4538152610442,718.2012847965739,876.6867469879518,810.7066381156317,"Bioprazol MAX"
"trawienie_15.jpg",875.4016064257028,718.2012847965739,987.2088353413654,808.1370449678801,"Polprazol MAX"
"trawienie_15.jpg",983.3534136546185,728.4796573875802,1131.144578313253,799.1434689507494,"Ortanol MAX"
"trawienie_15.jpg",978.2128514056225,666.8094218415417,1132.429718875502,729.7644539614561,"Ortanol MAX"
"trawienie_15.jpg",473.15261044176697,977.7301927194859,577.2489959839356,1059.9571734475373,"DOZ Probiotyk"
"trawienie_15.jpg",640.2208835341363,954.6038543897216,748.172690763052,1048.3940042826553,"Enteris defence"
"trawienie_15.jpg",743.0321285140562,939.1862955032119,844.5582329317269,1036.830835117773,"Enteris balance"
"trawienie_15.jpg",840.7028112449799,936.6167023554603,942.2289156626506,1029.1220556745182,"Enteris immune"
"trawienie_15.jpg",840.7028112449799,936.6167023554603,942.2289156626506,1029.1220556745182,"Enteris balance"
"trawienie_15.jpg",1010.3413654618474,909.6359743040684,1141.425702811245,1016.2740899357601,"Dicoflor kapsulki 60"
"trawienie_15.jpg",939.6586345381526,873.661670235546,979.4979919678715,957.1734475374732,"Dicoflor krople 5"
"trawienie_15.jpg",976.9277108433735,946.8950749464667,1012.9116465863453,1022.6980728051391,"Dicoflor krople 5"
"trawienie_15.jpg",944.7991967871486,954.6038543897216,980.562248995984,1030.406852248394,"Dicoflor krople 5"
"trawienie_15.jpg",1024.4779116465863,236.40256959314775,1066.8875502008032,352.03426124197,"Iberogast"
"trawienie_15.jpg",1060.4618473895582,233.83297644539613,1100.301204819277,350.7494646680942,"Iberogast"
"trawienie_15.jpg",1095.1606425702812,232.54817987152032,1142.710843373494,350.7494646680942,"Iberogast"
"trawienie_15.jpg",1083.5943775100402,503.64025695931474,1135,576.8736616702355,"Hepatil Slim"
"trawienie_15.jpg",1083.5943775100402,431.69164882226977,1138.855421686747,503.64025695931474,"Hepatil Slim"
"trawienie_25.jpg",354.91967871485946,796.5738758029978,559.2570281124498,948.1798715203425,"DOZ Probiotyk"
"trawienie_25.jpg",415.3212851405622,626.9807280513918,586.2449799196787,756.7451820128479,"DOZ Probiotyk"
"trawienie_25.jpg",554.1164658634539,770.8779443254817,768.7349397590363,958.4582441113489,"Enteris immune"
"trawienie_25.jpg",785.4417670682731,734.9036402569593,957.6506024096385,943.0406852248394,"Enteris defence"
"trawienie_25.jpg",992.3493975903615,770.8779443254817,1200.5421686746988,941.7558886509635,"Enteris defence"
"trawienie_25.jpg",1194.1164658634539,769.5931477516059,1397.1686746987953,940.4710920770876,"Enteris balance"
"trawienie_25.jpg",698.0522088353414,233.83297644539613,935.8032128514056,340.47109207708775,"Espumisan"
"trawienie_25.jpg",928.0923694779117,236.40256959314775,1164.3373493975905,340.4710920770878,"Espumisan"
"trawienie_25.jpg",1152.7710843373493,204.28265524625266,1361.1847389558231,340.47109207708775,"Ulgix wzdecia MAX"
"trawienie_25.jpg",1086.1646586345382,422.6980728051392,1293.0722891566265,549.8929336188437,"DOZ Karczoch"
"trawienie_25.jpg",893.3935742971887,426.5524625267666,1096.44578313253,549.8929336188437,"DOZ Karczoch"
"trawienie_25.jpg",694.1967871485944,430.406852248394,902.3895582329317,547.323340471092,"DOZ Karczoch"
"trawienie_25.jpg",503.99598393574297,430.406852248394,703.1927710843373,552.4625267665953,"DOZ Ostropest"
"trawienie_25.jpg",299.6586345381526,425.26766595289075,501.425702811245,549.8929336188437,"DOZ Ostropest"
"trawienie_25.jpg",272.6706827309237,208.1370449678801,492.42971887550203,339.186295503212,"Rennie"
"trawienie_25.jpg",492.42971887550203,211.99143468950749,707.0481927710844,337.9014989293362,"Rennie"
"trawienie_25.jpg",250.82329317269077,2.569593147751606,473.1526104417671,125.91006423982869,"Sylimarol"
"trawienie_16.jpg",326.64658634538154,457.38758029978584,492.429718875502,549.8929336188437,"Verdin Complexx"
"trawienie_16.jpg",325.3614457831325,368.73661670235543,487.28915662650604,458.6723768736616,"Verdin Complexx"
"trawienie_16.jpg",451.30522088353416,201.71306209850107,587.5301204819277,276.23126338329763,"Sylimarol"
"trawienie_16.jpg",329.2168674698795,205.56745182012847,456.4457831325301,273.661670235546,"Sylimarol"
"trawienie_16.jpg",460.30120481927713,131.0492505353319,588.8152610441767,208.1370449678801,"Sylimarol"
"trawienie_16.jpg",338.2128514056225,136.18843683083512,462.8714859437751,204.28265524625266,"Sylimarol"
"trawienie_16.jpg",581.1044176706828,83.5117773019272,660.7831325301205,179.87152034261243,"Essentiale Forte"
"trawienie_16.jpg",582.3895582329317,181.1563169164882,664.6385542168674,274.94646680942185,"Essentiale Forte"
"trawienie_16.jpg",663.3534136546185,173.44753747323338,746.8875502008033,276.23126338329763,"Essentiale Forte"
"trawienie_16.jpg",658.2128514056225,79.65738758029978,741.7469879518072,182.44111349036402,"Essentiale Forte"
"trawienie_16.jpg",741.7469879518072,167.0235546038544,823.995983935743,274.94646680942185,"Essentiale MAX"
"trawienie_16.jpg",821.425702811245,172.1627408993576,911.3855421686746,271.09207708779445,"Essentiale MAX"
"trawienie_16.jpg",744.3172690763053,78.37259100642397,826.566265060241,168.30835117773017,"Essentiale MAX"
"trawienie_16.jpg",821.425702811245,80.94218415417558,911.3855421686746,177.3019271948608,"Essentiale MAX"
"trawienie_16.jpg",904.9598393574297,177.3019271948608,973.0722891566265,267.237687366167,"Kreon Travix"
"trawienie_16.jpg",904.9598393574297,79.65738758029978,967.9317269076305,177.3019271948608,"Kreon Travix"
"trawienie_16.jpg",967.9317269076305,82.22698072805139,1032.1887550200804,179.87152034261243,"Kreon Travix"
"trawienie_16.jpg",495,456.10278372591006,651.7871485943775,542.1841541755889,"DOZ Travium"
"trawienie_16.jpg",659.4979919678715,456.10278372591006,821.425702811245,549.8929336188437,"DOZ Travium"
"trawienie_16.jpg",523.2730923694779,372.59100642398283,671.0642570281125,456.10278372591006,"DOZ Travium"
"trawienie_16.jpg",669.7791164658635,372.59100642398283,821.425702811245,456.10278372591006,"DOZ Travium"
"trawienie_16.jpg",813.714859437751,458.6723768736616,938.3734939759036,548.6081370449679,"DOZ Na watrobe FORTE"
"trawienie_16.jpg",820.1405622489959,371.30620985010705,940.9437751004016,461.24197002141324,"DOZ Na watrobe FORTE"
"trawienie_16.jpg",937.0883534136547,454.8179871520342,1057.8915662650602,547.323340471092,"DOZ Na watrobe FORTE"
"trawienie_16.jpg",939.6586345381526,366.1670235546038,1063.0321285140562,456.10278372591,"DOZ Na watrobe FORTE"
"trawienie_16.jpg",1057.6706827309235,458.6723768736616,1124.718875502008,548.6081370449679,"Hepatil"
"trawienie_16.jpg",1118.293172690763,452.24839400428266,1185.1204819277107,539.6145610278372,"Hepatil"
"trawienie_16.jpg",1057.6706827309238,357.17344753747324,1120.863453815261,453.53319057815844,"Hepatil"
"trawienie_16.jpg",1117.008032128514,358.458244111349,1182.5502008032129,457.38758029978584,"Hepatil"
"trawienie_16.jpg",342.06827309236945,719.4860813704496,507.8514056224899,820.985010706638,"DOZ Travium"
"trawienie_16.jpg",500.140562248996,723.340471092077,656.9277108433735,819.7002141327622,"DOZ Travium"
"trawienie_16.jpg",655.6425702811244,723.340471092077,788.0120481927711,819.7002141327622,"Bioprazol MAX"
"trawienie_16.jpg",653.0722891566265,623.1263383297644,786.7269076305222,724.6252676659528,"Bioprazol MAX"
"trawienie_16.jpg",786.7269076305221,720.7708779443254,921.6666666666666,813.2762312633832,"Bioprazol MAX"
"trawienie_16.jpg",779.0160642570281,629.5503211991435,916.5261044176707,722.0556745182013,"Bioprazol MAX"
"trawienie_16.jpg",915.2409638554217,719.4860813704496,1050.1807228915663,814.561027837259,"Bioprazol MAX"
"trawienie_16.jpg",913.9558232931727,624.4111349036402,1048.8955823293172,720.7708779443254,"Bioprazol MAX"
"trawienie_16.jpg",1048.8955823293172,719.4860813704496,1188.9759036144578,815.8458244111348,"Bioprazol MAX"
"trawienie_16.jpg",731.4658634538152,925.0535331905782,863.8353413654618,1030.406852248394,"Bioprazol MAX"
"trawienie_16.jpg",863.8353413654619,930.1927194860813,998.7751004016064,1026.5524625267665,"Bioprazol MAX"
"trawienie_16.jpg",866.4056224899598,1027.8372591006423,1005.2008032128514,1092.0770877944324,"Espumisan"
"trawienie_16.jpg",726.3253012048193,1023.9828693790149,867.6907630522089,1086.9379014989293,"Espumisan"
"trawienie_16.jpg",541.2650602409639,939.1862955032119,728.8955823293172,1020.1284796573875,"Ortanol MAX"
"trawienie_16.jpg",354.91967871485946,941.7558886509636,539.9799196787149,1021.4132762312634,"Ortanol MAX"
"trawienie_16.jpg",357.4899598393574,1016.2740899357601,538.6947791164658,1095.9314775160599,"Ortanol MAX"
"trawienie_16.jpg",538.6947791164658,1016.2740899357601,719.8995983935743,1093.3618843683082,"Ortanol MAX"
"trawienie_16.jpg",1003.9156626506024,1000.8565310492505,1124.718875502008,1086.9379014989293,"Ulgix wzdecia MAX"
"trawienie_16.jpg",1123.433734939759,1004.7109207708779,1248.0923694779117,1090.7922912205568,"Ulgix wzdecia MAX"
"trawienie_16.jpg",1131.144578313253,132.3340471092077,1186.4056224899598,267.237687366167,"Iberogast"
"trawienie_16.jpg",1179.9799196787149,127.1948608137045,1239.0963855421687,264.66809421841543,"Iberogast"
"trawienie_16.jpg",1033.4738955823293,73.23340471092077,1090.0200803212851,173.4475374732334,"Kreon Travix"
"trawienie_16.jpg",965.3614457831326,169.59314775160598,1034.7590361445784,271.0920770877944,"Kreon Travix"
"trawienie_16.jpg",1183.8353413654618,449.67880085653104,1254.5180722891566,544.7537473233405,"Hepatil Slim"
"trawienie_14.jpg",325.3614457831325,123.34047109207708,452.5903614457831,206.85224839400428,"Sylimarol"
"trawienie_14.jpg",327.93172690763055,52.67665952890792,452.5903614457832,128.4796573875803,"Sylimarol"
"trawienie_14.jpg",446.16465863453817,125.91006423982869,577.2489959839357,201.71306209850104,"Sylimarol"
"trawienie_14.jpg",459.0160642570281,61.67023554603854,584.9598393574297,131.0492505353319,"Sylimarol"
"trawienie_14.jpg",459.0160642570281,61.67023554603854,584.9598393574297,131.0492505353319,"Essentiale Forte"
"trawienie_14.jpg",587.3092369477912,116.91648822269805,654.136546184739,214.56102783725902,"Essentiale Forte"
"trawienie_14.jpg",592.6706827309237,25.69593147751606,654.3574297188754,111.77730192719486,"Essentiale Forte"
"trawienie_14.jpg",647.9317269076305,102.78372591006423,728.8955823293172,206.85224839400428,"Essentiale Forte"
"trawienie_14.jpg",644.0763052208836,12.84796573875803,728.8955823293173,114.34689507494645,"Essentiale Forte"
"trawienie_14.jpg",721.1847389558233,106.63811563169165,809.859437751004,210.70663811563168,"Essentiale MAX"
"trawienie_14.jpg",736.6064257028113,30.83511777301927,823.995983935743,118.20128479657387,"Essentiale MAX"
"trawienie_14.jpg",816.285140562249,34.689507494646676,892.1084337349398,115.63169164882225,"Essentiale MAX"
"trawienie_14.jpg",804.718875502008,110.49250535331905,883.1124497991967,208.13704496788006,"Essentiale MAX"
"trawienie_14.jpg",804.718875502008,110.49250535331905,883.1124497991967,208.13704496788006,"Kreon Travix"
"trawienie_14.jpg",883.1124497991968,107.92291220556744,948.6546184738957,208.13704496788006,"Kreon Travix"
"trawienie_14.jpg",884.3975903614457,16.702355460385437,960.2208835341365,115.63169164882225,"Kreon Travix"
"trawienie_14.jpg",951.2248995983936,14.132762312633833,1017.8313253012049,111.77730192719483,"Kreon Travix"
"trawienie_14.jpg",1063.0321285140562,82.22698072805139,1119.578313253012,204.28265524625266,"Iberogast"
"trawienie_14.jpg",1113.1526104417671,74.51820128479658,1170.9839357429719,208.13704496788006,"Iberogast"
"trawienie_14.jpg",1163.2730923694778,73.23340471092077,1230.1004016064255,205.56745182012844,"Iberogast"
"trawienie_14.jpg",325.3614457831325,285.22483940042827,489.859437751004,371.30620985010705,"Verdin Complexx"
"trawienie_14.jpg",322.79116465863456,367.45182012847965,484.718875502008,459.95717344753746,"Verdin Complexx"
"trawienie_14.jpg",479.57831325301197,373.87580299785867,645.140562248996,468.9507494646681,"DOZ Travium"
"trawienie_14.jpg",480.86345381526104,286.50963597430405,645.3614457831325,375.16059957173445,"DOZ Travium"
"trawienie_14.jpg",640.2208835341365,291.6488222698073,798.2931726907631,388.0085653104925,"DOZ Travium"
"trawienie_14.jpg",637.6506024096385,381.58458244111347,790.582329317269,484.3683083511777,"DOZ Travium"
"trawienie_14.jpg",790.5823293172691,310.92077087794434,910.1004016064257,398.28693790149896,"DOZ Na watrobe FORTE"
"trawienie_14.jpg",784.156626506024,391.8629550321199,903.6746987951807,488.2226980728051,"DOZ Na watrobe FORTE"
"trawienie_14.jpg",895.9638554216867,397.0021413276231,1021.9076305220883,488.22269807280514,"DOZ Na watrobe FORTE"
"trawienie_14.jpg",904.9598393574297,314.77516059957173,1028.3333333333333,403.42612419700214,"DOZ Na watrobe FORTE"
"trawienie_14.jpg",1016.7670682730924,391.8629550321199,1093.875502008032,490.7922912205567,"Hepatil"
"trawienie_14.jpg",1082.309236947791,399.5717344753747,1150.421686746988,486.93790149892925,"Hepatil"
"trawienie_14.jpg",344.6385542168675,626.9807280513918,492.20883534136544,724.6252676659528,"Controloc Control"
"trawienie_14.jpg",482.14859437751005,632.1199143468949,627.1485943775101,723.3404710920768,"Controloc Control"
"trawienie_14.jpg",615.8032128514056,647.5374732334046,749.4578313253012,742.6124197002141,"Bioprazol MAX"
"trawienie_14.jpg",619.6586345381526,553.7473233404711,750.7429718875502,651.3918629550321,"Bioprazol MAX"
"trawienie_14.jpg",746.8875502008032,655.2462526766595,877.9718875502008,746.4668094218415,"Bioprazol MAX"
"trawienie_14.jpg",745.6024096385543,560.1713062098501,883.1124497991968,661.6702355460385,"Bioprazol MAX"
"trawienie_14.jpg",868.9759036144578,657.8158458244111,1007.7710843373494,755.4603854389721,"Bioprazol MAX"
"trawienie_14.jpg",872.8313253012049,567.8800856531049,1016.7670682730924,662.9550321199142,"Bioprazol MAX"
"trawienie_14.jpg",998.7751004016064,671.948608137045,1152.991967871486,768.3083511777302,"Bioprazol MAX"
"trawienie_14.jpg",1010.3413654618474,570.4496788008565,1150.421686746988,666.8094218415417,"Bioprazol MAX"
"trawienie_14.jpg",325.3614457831325,913.4903640256958,498.855421686747,993.1477516059956,"Ortanol MAX"
"trawienie_14.jpg",497.57028112449797,919.9143468950749,673.6345381526104,995.7173447537473,"Ortanol MAX"
"trawienie_14.jpg",326.64658634538154,805.5674518201284,446.16465863453817,912.2055674518201,"Enteris defence"
"trawienie_14.jpg",430.7429718875502,814.5610278372591,562.8915662650602,913.490364025696,"Enteris defence"
"trawienie_14.jpg",680.0602409638554,883.9400428265524,816.285140562249,958.4582441113489,"Espumisan"
"trawienie_14.jpg",681.3453815261045,950.7494646680942,817.3493975903615,1013.7044967880086,"Espumisan"
"trawienie_14.jpg",808.574297188755,964.882226980728,953.7951807228916,1023.9828693790149,"Espumisan"
"trawienie_14.jpg",813.714859437751,899.3576017130621,953.7951807228916,968.7366167023554,"Espumisan"
"trawienie_14.jpg",938.3734939759036,945.610278372591,1065.6024096385543,1034.2612419700213,"Ulgix wzdecia MAX"
"trawienie_14.jpg",1056.6064257028113,950.7494646680942,1188.9759036144578,1041.9700214132763,"Ulgix wzdecia MAX"
"trawienie_14.jpg",946.0843373493976,850.5353319057815,1070.7429718875503,943.0406852248393,"DOZ Na watrobe FORTE"
"trawienie_14.jpg",288.09236947791163,1065.0963597430407,403.7550200803213,1156.3169164882227,"DOZ Probiotyk"
"trawienie_14.jpg",396.04417670682733,1075.374732334047,506.566265060241,1160.17130620985,"DOZ Probiotyk"
"trawienie_14.jpg",491.144578313253,1095.9314775160599,599.0963855421687,1179.443254817987,"DOZ Probiotyk"
"trawienie_14.jpg",1147.85140562249,402.1413276231263,1214.6787148594376,493.3618843683083,"Hepatil Slim"
"trawienie_17.jpg",212.26907630522078,174.73233404710916,419.1767068273091,278.8008565310492,"Verdin Complexx"
"trawienie_17.jpg",218.69477911646587,286.50963597430405,428.1726907630522,404.7109207708779,"Verdin Complexx"
"trawienie_17.jpg",417.89156626506025,177.3019271948608,619.6586345381527,283.9400428265525,"DOZ Travium"
"trawienie_17.jpg",424.3172690763052,290.36402569593145,628.6546184738955,411.13490364025694,"DOZ Travium"
"trawienie_17.jpg",624.7991967871486,298.0728051391863,813.714859437751,407.28051391862954,"DOZ Travium"
"trawienie_17.jpg",606.8072289156627,188.86509635974303,806.004016064257,301.9271948608137,"DOZ Travium"
"trawienie_17.jpg",813.714859437751,200.42826552462526,960.2208835341365,308.3511777301927,"DOZ Na watrobe FORTE"
"trawienie_17.jpg",808.574297188755,307.0663811563169,951.2248995983937,411.13490364025694,"DOZ Na watrobe FORTE"
"trawienie_17.jpg",947.3694779116465,304.4967880085653,1093.875502008032,411.134903640257,"DOZ Na watrobe FORTE"
"trawienie_17.jpg",951.2248995983936,202.99785867237685,1093.875502008032,312.2055674518201,"DOZ Na watrobe FORTE"
"trawienie_17.jpg",1086.1646586345382,204.28265524625266,1164.558232931727,309.6359743040685,"Hepatil"
"trawienie_17.jpg",1155.562248995984,209.42184154175587,1224.9598393574297,310.9207708779443,"Hepatil"
"trawienie_17.jpg",1088.7349397590363,308.3511777301927,1159.417670682731,412.4197002141328,"Hepatil"
"trawienie_17.jpg",1160.70281124498,309.6359743040685,1231.3855421686749,411.13490364025694,"Hepatil"
"trawienie_17.jpg",253.39357429718876,620.5567451820128,439.73895582329317,737.4732334047109,"Controloc Control"
"trawienie_17.jpg",441.0240963855422,616.7023554603854,617.0883534136547,733.6188436830835,"Controloc Control"
"trawienie_17.jpg",611.9477911646586,616.7023554603854,771.305220883534,733.6188436830835,"Bioprazol MAX"
"trawienie_17.jpg",613.2329317269076,504.9250535331906,767.4497991967871,617.9871520342613,"Bioprazol MAX"
"trawienie_17.jpg",763.5943775100402,615.4175588865096,928.0923694779117,729.7644539614561,"Bioprazol MAX"
"trawienie_17.jpg",924.2369477911647,611.5631691648822,1078.4538152610442,727.1948608137045,"Bioprazol MAX"
"trawienie_17.jpg",1057.8915662650602,633.4047109207709,1219.8192771084337,742.6124197002141,"Bioprazol MAX"
"trawienie_17.jpg",767.4497991967871,511.34903640256954,921.6666666666666,619.271948608137,"Bioprazol MAX"
"trawienie_17.jpg",920.3815261044176,507.49464668094214,1072.0281124497992,616.7023554603854,"Bioprazol MAX"
"trawienie_17.jpg",1070.74297188755,506.20985010706636,1222.3895582329317,616.7023554603854,"Bioprazol MAX"
"trawienie_17.jpg",245.68273092369478,882.6552462526766,475.72289156626505,968.7366167023555,"Ortanol MAX"
"trawienie_17.jpg",232.83132530120483,971.306209850107,471.86746987951807,1074.0899357601713,"Ortanol MAX"
"trawienie_17.jpg",468.0120481927711,966.1670235546038,700.6224899598394,1062.526766595289,"Ortanol MAX"
"trawienie_17.jpg",470.58232931726906,876.2312633832976,699.3373493975903,976.4453961456102,"Ortanol MAX"
"trawienie_17.jpg",704.4779116465863,979.0149892933619,867.6907630522088,1052.2483940042825,"Espumisan"
"trawienie_17.jpg",707.0481927710844,901.9271948608136,866.4056224899598,981.5845824411134,"Espumisan"
"trawienie_17.jpg",865.1204819277108,976.4453961456102,1028.3333333333333,1038.1156316916488,"Espumisan"
"trawienie_17.jpg",865.1204819277108,905.781584582441,1027.0481927710844,980.2997858672376,"Espumisan"
"trawienie_17.jpg",1018.0522088353414,944.3254817987151,1160.70281124498,1047.1092077087794,"Ulgix wzdecia MAX"
"trawienie_17.jpg",1158.132530120482,940.4710920770877,1294.3574297188757,1043.254817987152,"Ulgix wzdecia MAX"
"trawienie_17.jpg",1228.8152610441766,313.4903640256959,1300.7831325301204,411.13490364025694,"Hepatil Slim"
"trawienie_2.jpg",358.77510040160644,381.58458244111347,532.2690763052209,476.6595289079229,"Sylimarol"
"trawienie_2.jpg",357.4899598393574,286.50963597430405,525.8433734939758,381.58458244111347,"Sylimarol"
"trawienie_2.jpg",349.77911646586347,191.43468950749462,527.128514056225,286.50963597430405,"Sylimarol"
"trawienie_2.jpg",527.1285140562248,226.12419700214133,636.3654618473895,355.88865096359746,"Essentiale Forte"
"trawienie_2.jpg",524.5582329317269,354.6038543897216,633.7951807228916,485.6531049250535,"Essentiale Forte"
"trawienie_2.jpg",629.9397590361446,359.7430406852248,740.4618473895582,492.0770877944325,"Essentiale Forte"
"trawienie_2.jpg",629.9397590361446,231.26338329764454,740.4618473895582,359.74304068522486,"Essentiale Forte"
"trawienie_2.jpg",734.0361445783133,363.59743040685225,843.2730923694779,495.93147751605994,"Essentiale Forte"
"trawienie_2.jpg",735.3212851405623,236.40256959314775,845.843373493976,364.88222698072803,"Essentiale Forte"
"trawienie_2.jpg",835.562248995984,367.45182012847965,951.2248995983936,493.3618843683083,"Essentiale MAX"
"trawienie_2.jpg",849.6987951807229,240.25695931477514,967.9317269076305,368.73661670235543,"Essentiale MAX"
"trawienie_2.jpg",953.7951807228916,367.45182012847965,1065.6024096385543,494.64668094218416,"Essentiale MAX"
"trawienie_2.jpg",1060.4618473895582,371.30620985010705,1169.6987951807228,497.2162740899357,"Essentiale MAX"
"trawienie_2.jpg",960.2208835341365,241.54175588865095,1077.1686746987953,370.0214132762312,"Essentiale MAX"
"trawienie_2.jpg",1068.1726907630523,242.82655246252676,1181.265060240964,372.5910064239829,"Essentiale MAX"
"trawienie_2.jpg",1169.698795180723,368.73661670235543,1257.0883534136547,501.0706638115631,"Kreon Travix"
"trawienie_2.jpg",1254.5180722891566,372.59100642398283,1340.6224899598394,503.64025695931474,"Kreon Travix"
"trawienie_2.jpg",1168.4136546184739,244.11134903640254,1262.2289156626505,373.8758029978586,"Kreon Travix"
"trawienie_2.jpg",1253.2329317269077,250.53533190578156,1344.4779116465866,380.2997858672377,"Kreon Travix"
"trawienie_2.jpg",282.95180722891564,752.8907922912205,443.59437751004015,867.2376873661669,"DOZ Na watrobe FORTE"
"trawienie_2.jpg",435.8835341365462,752.8907922912205,651.7871485943775,871.0920770877943,"Verdin Complexx"
"trawienie_2.jpg",462.8714859437751,629.5503211991435,662.0682730923695,742.612419700214,"Verdin Complexx"
"trawienie_2.jpg",658.2128514056225,637.2591006423982,857.4096385542168,746.4668094218414,"DOZ Travium"
"trawienie_2.jpg",846.9076305220883,764.4539614561028,933.2329317269076,880.0856531049251,"Hepatil"
"trawienie_2.jpg",924.2369477911647,767.0235546038543,1011.6265060240964,883.9400428265524,"Hepatil"
"trawienie_2.jpg",859.9799196787149,643.6830835117772,943.5140562248996,751.6059957173446,"Hepatil"
"trawienie_2.jpg",938.3734939759036,644.9678800856531,1019.3373493975903,756.7451820128479,"Hepatil"
"trawienie_2.jpg",392.1887550200803,959.7430406852247,550.2610441767068,1066.3811563169163,"Bioprazol MAX"
"trawienie_2.jpg",550.2610441767067,955.8886509635973,718.6144578313251,1067.6659528907921,"Bioprazol MAX"
"trawienie_2.jpg",647.710843373494,747.7516059957173,857.4096385542167,878.8008565310492,"DOZ Travium"
"trawienie_2.jpg",1178.694779116466,777.3019271948608,1339.3373493975905,891.6488222698073,"DOZ Karczoch"
"trawienie_2.jpg",1185.120481927711,1026.5524625267665,1408.5140562248996,1162.7408993576018,"DOZ Olej z wiesiolka"
"trawienie_18.jpg",239.2570281124498,305.7815845824411,374.19678714859435,391.8629550321199,"Sylimarol"
"trawienie_18.jpg",371.6265060240964,300.64239828693786,501.42570281124495,381.5845824411134,"Sylimarol"
"trawienie_18.jpg",372.9116465863454,232.54817987152032,506.566265060241,314.7751605995717,"Sylimarol"
"trawienie_18.jpg",493.714859437751,169.59314775160598,574.6787148594377,273.661670235546,"Essentiale Forte"
"trawienie_18.jpg",498.855421686747,272.37687366167023,578.5341365461848,375.16059957173445,"Essentiale Forte"
"trawienie_18.jpg",573.3935742971887,269.8072805139186,664.6385542168674,364.88222698072803,"Essentiale Forte"
"trawienie_18.jpg",574.6787148594377,164.45396145610277,659.4979919678715,269.8072805139186,"Essentiale Forte"
"trawienie_18.jpg",658.2128514056225,253.10492505353318,744.3172690763053,363.59743040685225,"Essentiale MAX"
"trawienie_18.jpg",740.4618473895582,247.96573875802997,825.281124497992,358.458244111349,"Essentiale MAX"
"trawienie_18.jpg",739.1767068273092,146.46680942184153,821.425702811245,259.5289079229122,"Essentiale MAX"
"trawienie_18.jpg",826.566265060241,258.2441113490364,892.1084337349398,357.17344753747324,"Kreon Travix"
"trawienie_18.jpg",893.3935742971887,245.39614561027835,958.9357429718875,349.4646680942184,"Kreon Travix"
"trawienie_18.jpg",826.566265060241,159.31477516059957,890.8232931726908,254.389721627409,"Kreon Travix"
"trawienie_18.jpg",894.6787148594377,159.31477516059957,958.9357429718875,241.54175588865095,"Kreon Travix"
"trawienie_18.jpg",252.10843373493975,447.1092077087794,412.75100401606426,549.8929336188437,"Verdin Complexx"
"trawienie_18.jpg",254.67871485943775,544.7537473233405,416.60642570281124,630.8351177730193,"Verdin Complexx"
"trawienie_18.jpg",410.1807228915663,525.4817987152034,579.8192771084338,634.6895074946466,"DOZ Travium"
"trawienie_18.jpg",573.3935742971887,520.3426124197002,745.6024096385541,628.2655246252676,"DOZ Travium"
"trawienie_18.jpg",740.4618473895582,526.7665952890792,853.5542168674699,616.7023554603854,"DOZ Na watrobe FORTE"
"trawienie_18.jpg",841.9879518072289,515.203426124197,979.277108433735,614.1327623126338,"DOZ Na watrobe FORTE"
"trawienie_18.jpg",961.5060240963855,231.26338329764454,1010.3413654618474,348.1798715203426,"Iberogast"
"trawienie_18.jpg",1010.3413654618474,229.97858672376873,1060.4618473895582,348.1798715203426,"Iberogast"
"trawienie_18.jpg",1059.1767068273093,220.9850107066381,1122.14859437751,340.47109207708775,"Iberogast"
"trawienie_18.jpg",1132.429718875502,202.99785867237685,1206.9678714859438,331.4775160599571,"Iberogast"
"trawienie_18.jpg",268.59437751004015,256.9593147751606,381.9076305220883,312.2055674518201,"Sylimarol"
"trawienie_18.jpg",1000.0602409638554,502.35546038543896,1073.3132530120483,606.423982869379,"Hepatil"
"trawienie_18.jpg",1069.4578313253012,494.6466809421841,1145.2811244979919,602.5695931477516,"Hepatil"
"trawienie_18.jpg",994.9196787148594,405.9957173447537,1066.8875502008032,511.34903640256954,"Hepatil"
"trawienie_18.jpg",321.50602409638554,696.3597430406852,462.8714859437751,786.2955032119914,"Controloc Control"
"trawienie_18.jpg",309.93975903614455,785.0107066381156,453.8755020080321,878.8008565310492,"Controloc Control"
"trawienie_18.jpg",455.16064257028114,684.796573875803,604.2369477911647,783.7259100642398,"Controloc Control"
"trawienie_18.jpg",452.5903614457831,787.5802997858672,600.3815261044176,880.085653104925,"Controloc Control"
"trawienie_18.jpg",595.2409638554217,772.1627408993576,735.3212851405623,880.085653104925,"Bioprazol MAX"
"trawienie_18.jpg",736.6064257028113,769.5931477516059,885.6827309236949,880.085653104925,"Bioprazol MAX"
"trawienie_18.jpg",597.8112449799195,670.6638115631691,737.6706827309238,785.0107066381156,"Bioprazol MAX"
"trawienie_18.jpg",739.1767068273092,662.9550321199143,890.8232931726907,773.4475374732334,"Bioprazol MAX"
"trawienie_18.jpg",883.1124497991968,764.4539614561028,1032.1887550200804,877.5160599571734,"Polprazol MAX"
"trawienie_18.jpg",1032.1887550200804,765.7387580299785,1183.6144578313254,874.9464668094216,"Polprazol MAX"
"trawienie_18.jpg",334.3574297188755,967.4518201284797,510.4216867469879,1039.4004282655246,"Ortanol MAX"
"trawienie_18.jpg",297.0883534136546,1058.6723768736615,486.00401606425703,1143.4689507494645,"Ortanol MAX"
"trawienie_18.jpg",482.14859437751005,1061.2419700214132,677.4899598393574,1139.6145610278372,"Ortanol MAX"
"trawienie_18.jpg",552.8313253012049,930.1927194860813,718.6144578313254,1000.8565310492504,"Ortanol MAX"
"trawienie_18.jpg",700.6224899598393,1059.9571734475373,839.4176706827309,1125.4817987152032,"Espumisan"
"trawienie_18.jpg",838.1325301204819,1061.2419700214132,982.0682730923694,1129.3361884368308,"Espumisan"
"trawienie_18.jpg",840.7028112449799,991.8629550321199,982.0682730923695,1056.10278372591,"Espumisan"
"trawienie_18.jpg",701.6867469879518,989.293361884368,840.7028112449799,1059.9571734475373,"Espumisan"
"trawienie_18.jpg",985.9236947791164,1043.254817987152,1119.578313253012,1138.3297644539614,"Ulgix wzdecia MAX"
"trawienie_18.jpg",1118.293172690763,1043.254817987152,1255.8032128514055,1139.6145610278372,"Ulgix wzdecia MAX"
"trawienie_18.jpg",1253.2329317269077,1043.254817987152,1397.1686746987953,1139.6145610278372,"DOZ Olej z wiesiolka"
"trawienie_18.jpg",1253.2329317269077,1043.254817987152,1397.1686746987953,1139.6145610278372,"Controloc Control"
"trawienie_18.jpg",976.9277108433735,927.6231263383297,1101.5863453815261,1013.7044967880086,"Ulgix wzdecia MAX"
"trawienie_18.jpg",1102.871485943775,925.0535331905782,1230.1004016064257,1016.2740899357601,"Ulgix wzdecia MAX"
"trawienie_18.jpg",281.6666666666667,183.72591006423983,405.0401606425703,263.3832976445396,"Sylimarol"
"trawienie_18.jpg",1142.710843373494,508.779443254818,1201.827309236948,601.2847965738758,"Hepatil Slim"
"trawienie_21.jpg",201.9879518072289,403.42612419700214,370.3413654618474,471.5203426124197,"Ortanol MAX"
"trawienie_21.jpg",366.4859437751004,405.9957173447537,523.2730923694779,472.80513918629543,"Ortanol MAX"
"trawienie_21.jpg",308.6546184738956,219.7002141327623,424.31726907630525,283.9400428265525,"Sylimarol"
"trawienie_21.jpg",414.03614457831327,172.1627408993576,528.4136546184739,229.97858672376873,"Sylimarol"
"trawienie_21.jpg",417.89156626506025,224.83940042826552,532.2690763052209,294.21841541755884,"Sylimarol"
"trawienie_21.jpg",237.9718875502008,7.708779443254818,315.08032128514054,84.79657387580299,"Essentiale MAX"
"trawienie_21.jpg",311.22489959839356,15.417558886509635,371.6265060240964,89.93576017130621,"Kreon Travix"
"trawienie_21.jpg",369.0562248995984,5.139186295503212,410.1807228915663,91.22055674518201,"Iberogast"
"trawienie_21.jpg",410.1807228915663,7.708779443254818,456.44578313253015,92.5053533190578,"Iberogast"
"trawienie_21.jpg",257.24899598393574,575.5888650963598,348.49397590361446,691.2205567451821,"Polprazol MAX"
"trawienie_21.jpg",203.27309236947792,887.7944325481798,326.64658634538154,949.4646680942183,"Espumisan"
"trawienie_21.jpg",320.22088353413653,874.9464668094218,443.59437751004015,940.4710920770879,"Espumisan"
"trawienie_21.jpg",442.30923694779113,846.6809421841541,546.4056224899598,932.762312633833,"Ulgix wzdecia MAX"
"trawienie_21.jpg",566.9678714859438,220.9850107066381,689.0562248995984,294.21841541755884,"DOZ Travium"
"trawienie_21.jpg",686.4859437751004,229.97858672376873,797.0080321285141,299.3576017130621,"DOZ Travium"
"trawienie_21.jpg",813.714859437751,236.40256959314775,924.2369477911647,305.7815845824411,"Verdin Complexx"
"trawienie_21.jpg",922.9518072289156,244.11134903640254,1033.4738955823293,307.0663811563169,"Verdin Complexx"
"trawienie_21.jpg",767.4497991967871,404.7109207708779,817.570281124498,476.6595289079229,"Hepatil"
"trawienie_21.jpg",812.429718875502,403.42612419700214,859.9799196787149,474.08993576017133,"Hepatil"
"trawienie_21.jpg",853.5542168674699,403.42612419700214,903.6746987951808,474.08993576017133,"Hepatil"
"trawienie_21.jpg",901.1044176706828,404.71092077087786,947.3694779116466,479.22912205567445,"Hepatil"
"trawienie_21.jpg",655.6425702811244,569.1648822269807,744.3172690763051,643.6830835117772,"DOZ Probiotyk"
"trawienie_21.jpg",740.4618473895582,569.1648822269807,817.570281124498,635.9743040685224,"DOZ Probiotyk"
"trawienie_21.jpg",811.144578313253,567.8800856531049,894.6787148594377,637.2591006423982,"DOZ Probiotyk"
"trawienie_21.jpg",888.2530120481928,567.8800856531049,969.2168674698795,635.9743040685224,"DOZ Probiotyk"
"trawienie_21.jpg",629.9397590361446,849.2505353319058,726.3253012048192,939.186295503212,"Enteris defence"
"trawienie_21.jpg",716.0441767068273,841.5417558886509,809.8594377510041,930.1927194860813,"Enteris defence"
"trawienie_21.jpg",804.718875502008,831.2633832976445,892.1084337349398,922.4839400428265,"Enteris defence"
"trawienie_21.jpg",888.2530120481928,823.5546038543897,974.3574297188756,912.2055674518201,"Enteris balance"
"trawienie_21.jpg",970.5020080321285,822.2698072805139,1052.7510040160641,912.2055674518201,"Enteris immune"
"trawienie_21.jpg",722.4698795180723,1058.6723768736615,847.1285140562248,1138.3297644539614,"Dicoflor kapsulki 30"
"trawienie_21.jpg",841.9879518072289,1029.1220556745182,951.2248995983936,1130.6209850107066,"Dicoflor kapsulki 60"
"trawienie_21.jpg",942.2289156626506,1016.2740899357601,1055.3212851405622,1117.7730192719484,"Dicoflor kapsulki 60"
"trawienie_21.jpg",745.6024096385543,958.458244111349,865.1204819277109,1066.3811563169165,"Dicoflor kapsulki 30"
"trawienie_21.jpg",584.9598393574296,1106.2098501070664,622.008032128514,1184.5824411134902,"Dicoflor krople 5"
"trawienie_21.jpg",614.5180722891566,1108.779443254818,649.2168674698795,1173.019271948608,"Dicoflor krople 5"
"trawienie_21.jpg",644.0763052208836,1103.6402569593147,676.2048192771085,1167.8800856531047,"Dicoflor krople 5"
"trawienie_21.jpg",669.7791164658635,1097.2162740899357,701.9076305220883,1164.0256959314775,"Dicoflor krople 5"
"trawienie_21.jpg",700.4016064257028,1088.222698072805,731.4658634538152,1160.17130620985,"Dicoflor krople 5"
"trawienie_21.jpg",1084.879518072289,1014.9892933618843,1174.8393574297188,1097.2162740899357,"DOZ Olej z wiesiolka"
"trawienie_21.jpg",1079.738955823293,957.1734475374732,1173.5542168674697,1035.546038543897,"DOZ Olej z wiesiolka"
"trawienie_21.jpg",1177.4096385542168,945.610278372591,1285.3614457831325,1022.6980728051392,"DOZ Olej z wiesiolka"
"trawienie_21.jpg",1183.6144578313254,1004.7109207708779,1287.9317269076305,1080.5139186295503,"DOZ Olej z wiesiolka"
"trawienie_21.jpg",951.2248995983936,408.5653104925053,1001.3453815261043,471.52034261241965,"Hepatil Slim"
"trawienie_21.jpg",998.7751004016064,408.5653104925053,1045.0401606425703,475.37473233404705,"Hepatil Slim"
"trawienie_20.jpg",376.7670682730924,190.14989293361884,528.4136546184739,280.08565310492503,"Sylimarol"
"trawienie_20.jpg",384.47791164658634,118.20128479657387,534.8393574297188,199.14346895074945,"Sylimarol"
"trawienie_20.jpg",393.4738955823293,65.52462526766595,539.9799196787149,128.4796573875803,"Sylimarol"
"trawienie_20.jpg",525.843373493976,197.85867237687364,678.7751004016064,286.50963597430405,"Sylimarol"
"trawienie_20.jpg",528.4136546184739,125.91006423982869,678.7751004016063,206.85224839400428,"Sylimarol"
"trawienie_20.jpg",668.4939759036145,168.30835117773017,766.1646586345381,285.2248394004282,"Essentiale Forte"
"trawienie_20.jpg",673.6345381526104,65.52462526766595,768.7349397590361,179.87152034261243,"Essentiale Forte"
"trawienie_20.jpg",759.7389558232932,64.23982869379014,858.6947791164658,177.3019271948608,"Essentiale Forte"
"trawienie_20.jpg",757.1686746987951,168.30835117773017,850.9839357429719,286.50963597430405,"Essentiale Forte"
"trawienie_20.jpg",844.5582329317269,172.1627408993576,942.2289156626506,290.36402569593145,"Essentiale MAX"
"trawienie_20.jpg",852.2690763052209,65.52462526766595,946.0843373493976,179.87152034261243,"Essentiale MAX"
"trawienie_20.jpg",935.8032128514056,178.58672376873662,1025.7630522088355,290.36402569593145,"Essentiale MAX"
"trawienie_20.jpg",942.2289156626506,75.80299785867237,1028.3333333333333,181.1563169164882,"Essentiale MAX"
"trawienie_20.jpg",1021.9076305220883,194.00428265524624,1086.1646586345382,295.5032119914347,"Kreon Travix"
"trawienie_20.jpg",1084.879518072289,183.72591006423983,1150.421686746988,296.7880085653105,"Kreon Travix"
"trawienie_20.jpg",1025.7630522088352,93.79014989293361,1088.734939759036,200.42826552462526,"Kreon Travix"
"trawienie_20.jpg",1088.7349397590363,92.5053533190578,1152.991967871486,183.72591006423983,"Kreon Travix"
"trawienie_20.jpg",1142.710843373494,182.44111349036402,1186.40562248996,294.21841541755884,"Iberogast"
"trawienie_20.jpg",1181.2650602409637,183.72591006423983,1231.3855421686746,294.21841541755884,"Iberogast"
"trawienie_20.jpg",1227.5301204819277,183.72591006423983,1282.7911646586344,299.3576017130621,"Iberogast"
"trawienie_20.jpg",1307.2088353413656,169.59314775160598,1367.389558232932,300.6423982869379,"Iberogast"
"trawienie_20.jpg",369.0562248995984,450.9635974304068,570.8232931726908,557.6017130620985,"Verdin Complexx"
"trawienie_20.jpg",376.7670682730924,357.17344753747324,574.6787148594377,454.8179871520343,"Verdin Complexx"
"trawienie_20.jpg",561.8273092369478,448.3940042826552,748.1726907630523,557.6017130620985,"DOZ Travium"
"trawienie_20.jpg",743.0321285140562,452.24839400428266,921.6666666666667,553.7473233404711,"DOZ Travium"
"trawienie_20.jpg",1018.0522088353414,459.95717344753746,1158.132530120482,558.8865096359743,"DOZ Na watrobe FORTE"
"trawienie_20.jpg",1176.124497991968,450.9635974304068,1257.0883534136547,564.0256959314775,"Hepatil"
"trawienie_20.jpg",1253.2329317269077,450.9635974304068,1325.2008032128515,561.4561027837259,"Hepatil"
"trawienie_20.jpg",1159.1967871485945,341.7558886509636,1260.9437751004016,462.526766595289,"Hepatil"
"trawienie_20.jpg",426.8875502008032,715.6316916488222,597.8112449799197,828.6937901498928,"Controloc Control"
"trawienie_20.jpg",432.0281124497992,616.7023554603854,599.0963855421687,720.7708779443254,"Controloc Control"
"trawienie_20.jpg",590.1004016064257,621.8415417558887,761.0240963855422,723.3404710920771,"Controloc Control"
"trawienie_20.jpg",588.8152610441767,722.0556745182013,758.4538152610442,819.7002141327623,"Controloc Control"
"trawienie_20.jpg",752.0281124497992,711.7773019271948,912.6706827309238,827.4089935760171,"Bioprazol MAX"
"trawienie_20.jpg",749.4578313253012,606.423982869379,902.3895582329317,719.4860813704496,"Bioprazol MAX"
"trawienie_20.jpg",895.9638554216867,710.4925053533191,1056.6064257028113,826.1241970021414,"Bioprazol MAX"
"trawienie_20.jpg",898.5341365461848,606.423982869379,1060.4618473895582,718.2012847965739,"Bioprazol MAX"
"trawienie_20.jpg",1050.1807228915663,707.9229122055674,1200.5421686746988,819.7002141327623,"Polprazol MAX"
"trawienie_20.jpg",1190.2610441767067,705.3533190578158,1344.477911646586,822.2698072805139,"Polprazol MAX"
"trawienie_20.jpg",412.75100401606426,1002.1413276231262,629.9397590361446,1106.2098501070664,"Ortanol MAX"
"trawienie_20.jpg",425.6024096385542,905.781584582441,635.0803212851406,1003.4261241970021,"Ortanol MAX"
"trawienie_20.jpg",623.5140562248996,1004.7109207708779,835.562248995984,1106.2098501070664,"Ortanol MAX"
"trawienie_20.jpg",831.7068273092369,1002.1413276231262,984.6385542168674,1075.374732334047,"Espumisan"
"trawienie_20.jpg",976.9277108433735,999.5717344753747,1127.289156626506,1071.5203426124197,"Espumisan"
"trawienie_20.jpg",823.995983935743,922.4839400428265,965.3614457831325,997.002141327623,"Espumisan"
"trawienie_20.jpg",961.5060240963855,917.3447537473232,1100.301204819277,995.7173447537472,"Espumisan"
"trawienie_20.jpg",1132.429718875502,980.2997858672377,1260.9437751004016,1083.083511777302,"Ulgix wzdecia MAX"
"trawienie_20.jpg",1093.875502008032,863.3832976445395,1218.5341365461848,961.0278372591006,"Ulgix wzdecia MAX"
"trawienie_20.jpg",1214.6787148594378,862.0985010706638,1338.0522088353414,957.1734475374733,"Ulgix wzdecia MAX"
"trawienie_20.jpg",1258.3734939759036,971.306209850107,1388.172690763052,1074.0899357601713,"Ulgix wzdecia MAX"
"trawienie_20.jpg",951.2248995983936,865.9528907922912,1082.309236947791,910.9207708779443,"Espumisan"
"trawienie_20.jpg",822.710843373494,867.2376873661669,956.3654618473895,922.4839400428265,"Espumisan"
"trawienie_19.jpg",306.0843373493976,292.93361884368306,492.429718875502,400.8565310492505,"Sylimarol"
"trawienie_19.jpg",315.08032128514054,192.71948608137043,489.859437751004,296.78800856531046,"Sylimarol"
"trawienie_19.jpg",345.9236947791165,129.7644539614561,492.42971887550203,196.57387580299786,"Sylimarol"
"trawienie_19.jpg",486.00401606425703,119.48608137044967,602.9518072289156,255.6745182012848,"Essentiale Forte"
"trawienie_19.jpg",484.718875502008,254.389721627409,600.3815261044176,393.1477516059957,"Essentiale Forte"
"trawienie_19.jpg",489.859437751004,17.987152034261243,600.3815261044176,127.1948608137045,"Essentiale Forte"
"trawienie_19.jpg",600.3815261044176,15.417558886509635,707.0481927710842,118.20128479657387,"Essentiale Forte"
"trawienie_19.jpg",596.5261044176707,116.91648822269806,718.6144578313254,255.67451820128477,"Essentiale Forte"
"trawienie_19.jpg",597.8112449799197,251.82012847965737,713.4738955823293,393.1477516059957,"Essentiale Forte"
"trawienie_19.jpg",710.9036144578313,253.10492505353318,831.7068273092369,393.1477516059957,"Essentiale MAX"
"trawienie_19.jpg",825.281124497992,255.67451820128477,940.9437751004016,394.43254817987145,"Essentiale MAX"
"trawienie_19.jpg",716.0441767068272,113.06209850107066,831.4859437751004,254.389721627409,"Essentiale MAX"
"trawienie_19.jpg",829.1365461847389,118.20128479657387,947.3694779116465,258.2441113490364,"Essentiale MAX"
"trawienie_19.jpg",939.6586345381526,133.6188436830835,1027.0481927710844,269.8072805139186,"Kreon Travix"
"trawienie_19.jpg",1023.1927710843373,134.9036402569593,1110.5823293172691,269.8072805139186,"Kreon Travix"
"trawienie_19.jpg",939.6586345381526,263.3832976445396,1019.3373493975903,398.2869379014989,"Kreon Travix"
"trawienie_19.jpg",1023.1927710843373,265.9528907922912,1106.726907630522,394.4325481798715,"Kreon Travix"
"trawienie_19.jpg",1104.1566265060237,245.39614561027832,1159.1967871485942,391.8629550321198,"Iberogast"
"trawienie_19.jpg",1158.132530120482,246.68094218415416,1222.389558232932,391.8629550321199,"Iberogast"
"trawienie_19.jpg",1214.6787148594378,233.83297644539613,1290.5020080321285,394.4325481798715,"Iberogast"
"trawienie_19.jpg",362.6305220883534,602.5695931477516,587.5301204819277,733.6188436830835,"DOZ Travium"
"trawienie_19.jpg",590.1004016064257,603.8543897216274,817.570281124498,736.1884368308351,"DOZ Travium"
"trawienie_19.jpg",808.3534136546185,610.2783725910064,943.2931726907631,729.7644539614561,"DOZ Na watrobe FORTE"
"trawienie_19.jpg",1106.7269076305222,597.4304068522483,1205.6827309236949,734.9036402569593,"Hepatil"
"trawienie_19.jpg",1210.8232931726907,603.8543897216274,1305.9236947791164,734.9036402569593,"Hepatil"
"trawienie_19.jpg",983.3534136546185,926.3383297644539,1169.698795180723,1068.950749464668,"Polprazol MAX"
"trawienie_19.jpg",1163.2730923694778,926.3383297644539,1354.7590361445782,1067.6659528907921,"Polprazol MAX"
"trawienie_19.jpg",790.5823293172691,939.1862955032119,985.9236947791164,1074.089935760171,"Bioprazol MAX"
"trawienie_19.jpg",790.5823293172691,800.4282655246252,989.7791164658635,944.3254817987151,"Bioprazol MAX"
"trawienie_19.jpg",606.8072289156627,796.5738758029978,786.5060240963855,927.6231263383297,"Bioprazol MAX"
"trawienie_19.jpg",596.5261044176707,927.6231263383297,790.5823293172691,1075.3747323340472,"Bioprazol MAX"
"trawienie_19.jpg",407.61044176706827,805.5674518201283,606.8072289156627,926.3383297644538,"Controloc Control"
"trawienie_19.jpg",402.4698795180723,931.4775160599571,601.6666666666666,1061.2419700214132,"Controloc Control"
"trawienie_19.jpg",208.41365461847388,936.6167023554603,406.32530120481925,1062.526766595289,"Controloc Control"
"trawienie_19.jpg",213.55421686746988,799.1434689507494,410.18072289156623,927.6231263383295,"Controloc Control"
"trawienie_19.jpg",935.5823293172691,607.7087794432548,1109.29718875502,736.1884368308351,"DOZ Na watrobe FORTE"
"trawienie_19.jpg",1300.7831325301204,612.847965738758,1372.7510040160641,731.0492505353319,"Hepatil Slim"
"trawienie_26.jpg",376.7670682730924,278.80085653104913,548.7550200803213,379.01498929336185,"Sylimarol"
"trawienie_26.jpg",538.6947791164658,255.67451820128477,645.3614457831325,376.44539614561023,"Essentiale Forte"
"trawienie_26.jpg",638.9357429718875,254.389721627409,741.7469879518072,381.58458244111347,"Essentiale MAX"
"trawienie_26.jpg",737.8915662650602,254.389721627409,839.4176706827309,381.58458244111347,"Essentiale MAX"
"trawienie_26.jpg",832.9919678714859,258.2441113490364,937.0883534136547,381.5845824411135,"Essentiale MAX"
"trawienie_26.jpg",930.6626506024096,259.5289079229122,1037.3293172690762,384.1541755888651,"Essentiale MAX"
"trawienie_26.jpg",1030.9036144578313,254.389721627409,1138.855421686747,384.1541755888651,"Essentiale MAX"
"trawienie_26.jpg",1133.714859437751,256.9593147751606,1237.8112449799198,376.44539614561023,"Essentiale MAX"
"trawienie_26.jpg",235.40160642570282,412.4197002141327,400.96385542168673,524.1970021413276,"Rennie"
"trawienie_26.jpg",394.7590361445783,425.26766595289075,556.4658634538152,529.3361884368308,"Rennie"
"trawienie_26.jpg",554.1164658634539,430.406852248394,717.3293172690763,533.1905781584583,"Rennie"
"trawienie_26.jpg",712.1887550200803,456.10278372591006,880.5421686746988,529.3361884368309,"Espumisan"
"trawienie_26.jpg",876.6867469879518,461.24197002141324,1055.3212851405622,533.1905781584583,"Espumisan"
"trawienie_26.jpg",1050.1807228915663,430.406852248394,1208.2530120481929,538.3297644539614,"Ulgix wzdecia MAX"
"trawienie_26.jpg",1203.1124497991968,427.83725910064237,1358.6144578313254,537.0449678800857,"Ulgix wzdecia MAX"
"trawienie_26.jpg",249.53815261044176,587.152034261242,407.61044176706827,682.2269807280513,"DOZ Ostropest"
"trawienie_26.jpg",406.32530120481925,585.8672376873661,557.9718875502008,683.5117773019272,"DOZ Ostropest"
"trawienie_26.jpg",554.1164658634539,591.0064239828694,707.0481927710844,687.3661670235546,"DOZ Ostropest"
"trawienie_26.jpg",701.9076305220883,591.0064239828694,858.6947791164658,686.0813704496788,"DOZ Karczoch"
"trawienie_26.jpg",850.9839357429719,592.2912205567452,1005.2008032128514,687.3661670235547,"DOZ Karczoch"
"trawienie_26.jpg",998.7751004016064,597.4304068522483,1156.8473895582329,689.9357601713061,"DOZ Karczoch"
"trawienie_26.jpg",1151.706827309237,570.4496788008565,1371.4658634538155,691.220556745182,"DOZ Travium"
"trawienie_26.jpg",429.4578313253012,881.3704496788008,588.8152610441766,995.7173447537473,"DOZ Probiotyk"
"trawienie_26.jpg",477.00803212851406,750.3211991434689,617.0883534136547,850.5353319057815,"DOZ Probiotyk"
"trawienie_26.jpg",596.5261044176707,859.5289079229121,761.0240963855422,1003.4261241970021,"Enteris immune"
"trawienie_26.jpg",753.3132530120482,862.0985010706638,915.2409638554217,1003.4261241970021,"Enteris defence"
"trawienie_26.jpg",921.6666666666666,858.2441113490363,1086.1646586345382,995.7173447537473,"Enteris defence"
"trawienie_26.jpg",1079.738955823293,864.6680942184154,1241.6666666666665,1002.1413276231262,"Enteris balance"
"trawienie_26.jpg",1235.2409638554216,868.5224839400428,1390.74297188755,1005.9957173447538,"Enteris balance"
"trawienie_23.jpg",201.76706827309238,674.5182012847965,264.9598393574297,822.2698072805139,"Dicoflor krople 5"
"trawienie_23.jpg",266.2449799196787,673.2334047109207,335.6425702811245,813.2762312633832,"Dicoflor krople 5"
"trawienie_23.jpg",204.33734939759037,826.1241970021413,268.81526104417674,968.7366167023554,"Dicoflor krople 5"
"trawienie_23.jpg",254.67871485943775,820.985010706638,331.7871485943775,966.1670235546037,"Dicoflor krople 5"
"trawienie_23.jpg",318.9357429718875,818.4154175588865,393.4738955823293,964.882226980728,"Dicoflor krople 5"
"trawienie_23.jpg",385.76305220883535,814.5610278372591,459.0160642570281,958.458244111349,"Dicoflor krople 5"
"trawienie_23.jpg",456.4457831325301,756.745182012848,717.3293172690762,958.458244111349,"Dicoflor kapsulki 30"
"trawienie_23.jpg",712.1887550200803,752.8907922912205,964.0763052208836,949.4646680942183,"Dicoflor kapsulki 30"
"trawienie_23.jpg",958.9357429718875,750.3211991434689,1204.3975903614457,937.9014989293362,"Dicoflor kapsulki 30"
"trawienie_23.jpg",267.5301204819277,423.98286937901497,546.4056224899598,567.880085653105,"Verdin Complexx"
"trawienie_23.jpg",539.9799196787149,441.9700214132762,728.8955823293172,567.8800856531049,"DOZ Na watrobe FORTE"
"trawienie_23.jpg",728.8955823293172,448.3940042826552,822.710843373494,566.5952890792291,"Hepatil"
"trawienie_23.jpg",820.1405622489959,449.67880085653104,917.8112449799196,565.3104925053533,"Hepatil"
"trawienie_23.jpg",913.9558232931727,452.24839400428266,1007.7710843373494,566.5952890792291,"Hepatil"
"trawienie_23.jpg",1006.4859437751004,452.24839400428266,1096.44578313253,564.0256959314775,"Hepatil"
"trawienie_23.jpg",249.53815261044176,7.708779443254818,488.574297188755,163.169164882227,"Polprazol MAX"
"trawienie_23.jpg",479.578313253012,5.139186295503212,701.9076305220883,167.02355460385436,"Polprazol MAX"
"trawienie_23.jpg",1097.7309236947792,430.406852248394,1188.9759036144578,561.4561027837259,"Hepatil Slim"
"trawienie_23.jpg",1188.9759036144578,430.406852248394,1278.9357429718875,557.6017130620985,"Hepatil Slim"
"trawienie_23.jpg",1276.3654618473895,430.406852248394,1371.4658634538152,558.8865096359743,"Hepatil Slim"
"trawienie_22.jpg",326.64658634538154,282.65524625267665,502.71084337349396,384.1541755888651,"Sylimarol"
"trawienie_22.jpg",336.9277108433735,206.85224839400428,510.421686746988,291.6488222698073,"Sylimarol"
"trawienie_22.jpg",352.34939759036143,140.04282655246251,511.7068273092369,214.56102783725908,"Sylimarol"
"trawienie_22.jpg",488.574297188755,258.2441113490364,599.0963855421686,384.1541755888651,"Essentiale Forte"
"trawienie_22.jpg",591.3855421686746,263.3832976445396,703.1927710843373,388.0085653104925,"Essentiale Forte"
"trawienie_22.jpg",502.7108433734939,163.16916488222697,600.1606425702811,271.0920770877944,"Essentiale Forte"
"trawienie_22.jpg",500.140562248996,51.39186295503212,604.2369477911647,167.0235546038544,"Essentiale Forte"
"trawienie_22.jpg",593.9558232931727,141.32762312633832,703.1927710843373,267.237687366167,"Essentiale Forte"
"trawienie_22.jpg",599.0963855421687,56.53104925053533,700.6224899598394,155.46038543897214,"Essentiale Forte"
"trawienie_22.jpg",695.4819277108434,265.9528907922912,802.14859437751,400.8565310492505,"Essentiale MAX"
"trawienie_22.jpg",790.5823293172691,277.5160599571734,898.5341365461848,398.2869379014989,"Essentiale MAX"
"trawienie_22.jpg",703.1927710843373,154.17558886509636,808.574297188755,276.23126338329763,"Essentiale MAX"
"trawienie_22.jpg",696.7670682730924,37.25910064239829,808.574297188755,156.74518201284795,"Essentiale MAX"
"trawienie_22.jpg",800.8634538152611,161.88436830835116,903.6746987951808,285.2248394004282,"Essentiale MAX"
"trawienie_22.jpg",802.14859437751,47.53747323340471,910.1004016064256,165.73875802997858,"Essentiale MAX"
"trawienie_22.jpg",886.9678714859438,298.0728051391863,961.5060240963855,403.42612419700214,"Kreon Travix"
"trawienie_22.jpg",897.2489959839357,188.86509635974303,971.7871485943775,294.21841541755884,"Kreon Travix"
"trawienie_22.jpg",952.5100401606426,299.3576017130621,1027.0481927710844,409.85010706638116,"Kreon Travix"
"trawienie_22.jpg",962.7911646586346,195.28907922912205,1034.7590361445784,300.6423982869379,"Kreon Travix"
"trawienie_22.jpg",1021.9076305220883,273.661670235546,1092.5903614457832,416.2740899357601,"Iberogast"
"trawienie_22.jpg",1081.0240963855422,276.23126338329763,1146.566265060241,417.55888650963595,"Iberogast"
"trawienie_22.jpg",1136.285140562249,274.94646680942185,1206.9678714859438,416.2740899357602,"Iberogast"
"trawienie_22.jpg",1196.686746987952,280.085653104925,1263.5140562248996,417.5588865096359,"Iberogast"
"trawienie_22.jpg",357.4899598393574,565.3104925053533,570.8232931726908,680.9421841541756,"DOZ Travium"
"trawienie_22.jpg",370.3413654618474,457.38758029978584,573.3935742971887,566.5952890792291,"DOZ Travium"
"trawienie_22.jpg",568.2530120481928,466.3811563169165,757.1686746987951,578.1584582441113,"DOZ Travium"
"trawienie_22.jpg",559.2570281124498,566.5952890792291,758.4538152610442,689.9357601713062,"DOZ Travium"
"trawienie_22.jpg",746.8875502008032,583.2976445396146,884.3975903614457,688.6509635974304,"DOZ Na watrobe FORTE"
"trawienie_22.jpg",871.5461847389558,591.0064239828694,1036.0441767068273,696.3597430406852,"DOZ Na watrobe FORTE"
"trawienie_22.jpg",1021.9076305220883,584.5824411134903,1108.012048192771,697.6445396145609,"Hepatil"
"trawienie_22.jpg",1097.7309236947792,591.0064239828694,1179.9799196787149,695.0749464668094,"Hepatil"
"trawienie_22.jpg",218.69477911646587,740.0428265524624,403.7550200803213,853.1049250535331,"Controloc Control"
"trawienie_22.jpg",210.98393574297188,853.1049250535332,392.1887550200803,964.8822269807281,"Controloc Control"
"trawienie_22.jpg",385.76305220883535,854.3897216274089,575.9638554216867,972.5910064239828,"Controloc Control"
"trawienie_22.jpg",392.1887550200803,747.7516059957173,579.8192771084337,855.6745182012847,"Controloc Control"
"trawienie_22.jpg",564.3975903614457,859.528907922912,730.1807228915661,975.1605995717343,"Bioprazol MAX"
"trawienie_22.jpg",574.6787148594377,740.0428265524624,737.8915662650602,859.5289079229121,"Bioprazol MAX"
"trawienie_22.jpg",727.6104417670683,850.5353319057815,902.3895582329318,979.0149892933619,"Bioprazol MAX"
"trawienie_22.jpg",732.7510040160643,737.4732334047109,899.8192771084338,862.0985010706638,"Bioprazol MAX"
"trawienie_22.jpg",886.9678714859438,853.1049250535332,1050.1807228915663,972.5910064239829,"Polprazol MAX"
"trawienie_22.jpg",1041.1847389558234,850.5353319057815,1192.831325301205,964.882226980728,"Polprazol MAX"
"trawienie_22.jpg",200.70281124497984,1080.51391862955,418.95582329317267,1183.2976445396143,"Ortanol MAX"
"trawienie_22.jpg",414.0361445783131,1083.083511777302,648.995983935743,1184.5824411134904,"Ortanol MAX"
"trawienie_22.jpg",646.6465863453815,1066.3811563169163,802.14859437751,1138.3297644539612,"Espumisan"
"trawienie_22.jpg",794.437751004016,1057.387580299786,944.7991967871485,1139.6145610278372,"Espumisan"
"trawienie_27.jpg",506.56626506024094,97.64453961456103,587.5301204819277,188.86509635974303,"Essentiale Forte"
"trawienie_27.jpg",506.56626506024094,182.44111349036402,587.5301204819277,278.80085653104925,"Essentiale Forte"
"trawienie_27.jpg",583.6746987951807,188.86509635974303,662.0682730923694,282.65524625267665,"Essentiale Forte"
"trawienie_27.jpg",581.1044176706828,98.92933618843682,660.7831325301205,195.28907922912202,"Essentiale Forte"
"trawienie_27.jpg",655.6425702811244,125.91006423982869,723.7550200803212,199.14346895074945,"Essentiale Forte"
"trawienie_27.jpg",655.6425702811244,192.71948608137043,731.4658634538152,285.2248394004282,"Essentiale Forte"
"trawienie_27.jpg",722.4698795180723,129.7644539614561,790.5823293172691,200.42826552462526,"Essentiale MAX"
"trawienie_27.jpg",726.3253012048193,195.28907922912205,799.5783132530121,287.7944325481799,"Essentiale MAX"
"trawienie_27.jpg",789.2971887550201,131.0492505353319,853.5542168674699,201.71306209850107,"Essentiale MAX"
"trawienie_27.jpg",794.437751004016,197.85867237687364,868.9759036144578,291.6488222698073,"Essentiale MAX"
"trawienie_27.jpg",866.4056224899598,205.56745182012847,920.3815261044176,291.6488222698073,"Kreon Travix"
"trawienie_27.jpg",859.9799196787149,124.62526766595289,922.9518072289156,196.57387580299786,"Kreon Travix"
"trawienie_27.jpg",919.0963855421687,127.1948608137045,973.0722891566265,209.4218415417559,"Kreon Travix"
"trawienie_27.jpg",919.0963855421687,206.85224839400428,969.2168674698796,290.36402569593145,"Kreon Travix"
"trawienie_27.jpg",974.3574297188756,188.86509635974303,1010.3413654618474,298.0728051391863,"Iberogast"
"trawienie_27.jpg",1007.7710843373494,188.86509635974303,1042.4698795180723,295.5032119914347,"Iberogast"
"trawienie_27.jpg",1041.1847389558234,192.7194860813704,1079.5180722891566,298.0728051391863,"Iberogast"
"trawienie_27.jpg",462.8714859437751,358.458244111349,617.0883534136547,443.254817987152,"DOZ Travium"
"trawienie_27.jpg",464.1566265060241,445.82441113490364,619.6586345381527,526.7665952890792,"DOZ Travium"
"trawienie_27.jpg",618.3734939759036,449.67880085653104,726.3253012048192,526.7665952890792,"DOZ Na watrobe FORTE"
"trawienie_27.jpg",614.5180722891566,373.87580299785867,722.4698795180723,453.53319057815844,"DOZ Na watrobe FORTE"
"trawienie_27.jpg",722.4698795180723,450.9635974304068,825.281124497992,529.3361884368308,"DOZ Na watrobe FORTE"
"trawienie_27.jpg",721.1847389558233,377.73019271948607,823.995983935743,450.9635974304068,"DOZ Na watrobe FORTE"
"trawienie_27.jpg",822.710843373494,452.24839400428266,921.6666666666666,528.051391862955,"DOZ Na watrobe FORTE"
"trawienie_27.jpg",822.710843373494,376.44539614561023,922.9518072289156,456.10278372591,"DOZ Na watrobe FORTE"
"trawienie_27.jpg",919.0963855421687,448.3940042826552,974.3574297188756,524.1970021413276,"Hepatil"
"trawienie_27.jpg",920.3815261044176,372.59100642398283,976.9277108433735,452.2483940042826,"Hepatil"
"trawienie_27.jpg",970.5020080321285,449.67880085653104,1023.1927710843373,526.7665952890792,"Hepatil"
"trawienie_27.jpg",973.0722891566265,373.87580299785867,1023.1927710843374,449.67880085653104,"Hepatil"
"trawienie_27.jpg",426.8875502008032,678.3725910064239,568.2530120481928,765.7387580299785,"Controloc Control"
"trawienie_27.jpg",428.17269076305223,600,565.6827309236949,682.2269807280513,"Controloc Control"
"trawienie_27.jpg",560.5421686746988,674.5182012847965,692.9116465863453,755.4603854389721,"Polprazol MAX"
"trawienie_27.jpg",560.5421686746988,596.1456102783726,689.0562248995984,679.6573875802998,"Controloc Control"
"trawienie_27.jpg",691.6265060240963,670.6638115631691,809.859437751004,756.745182012848,"Bioprazol MAX"
"trawienie_27.jpg",806.004016064257,665.5246252676659,916.5261044176707,747.7516059957172,"Polprazol MAX"
"trawienie_27.jpg",910.1004016064257,680.9421841541756,1061.7469879518073,749.0364025695932,"Ortanol MAX"
"trawienie_27.jpg",915.2409638554217,620.5567451820128,1057.8915662650602,687.3661670235546,"Ortanol MAX"
"trawienie_27.jpg",387.04819277108436,922.4839400428265,496.285140562249,1009.850107066381,"DOZ Probiotyk"
"trawienie_27.jpg",561.8273092369478,910.9207708779443,677.4899598393574,1004.7109207708779,"Enteris defence"
"trawienie_27.jpg",671.0642570281125,895.5032119914347,776.4457831325301,994.4325481798714,"Enteris balance"
"trawienie_27.jpg",773.8755020080321,894.2184154175588,875.4016064257028,989.2933618843683,"Enteris immune"
"trawienie_27.jpg",863.8353413654619,826.1241970021413,898.5341365461848,890.3640256959314,"Dicoflor krople 5"
"trawienie_27.jpg",877.9718875502008,904.4967880085653,909.8795180722891,981.5845824411135,"Dicoflor krople 5"
"trawienie_27.jpg",912.6706827309237,904.4967880085653,946.0843373493975,981.5845824411135,"Dicoflor krople 5"
"trawienie_27.jpg",942.2289156626506,868.5224839400428,1069.4578313253012,979.0149892933619,"Dicoflor kapsulki 60"
"trawienie_27.jpg",755.8835341365461,801.713062098501,850.9839357429719,864.6680942184154,"Enteris immune"
"trawienie_27.jpg",1020.6224899598393,456.10278372591006,1070.74297188755,525.4817987152035,"Hepatil Slim"
"trawienie_27.jpg",1019.3373493975904,382.86937901498925,1074.5983935742972,457.38758029978584,"Hepatil Slim"
"trawienie_24.jpg",225.12048192771084,776.017130620985,416.60642570281124,934.0471092077087,"Enteris defence"
"trawienie_24.jpg",410.1807228915663,770.8779443254817,592.6706827309238,928.9079229122055,"Enteris balance"
"trawienie_24.jpg",584.9598393574297,770.8779443254817,772.5903614457832,928.9079229122055,"Enteris balance"
"trawienie_24.jpg",1003.9156626506024,801.713062098501,1068.1726907630523,941.7558886509636,"Dicoflor krople 5"
"trawienie_24.jpg",1061.7469879518071,804.2826552462526,1123.433734939759,941.7558886509635,"Dicoflor krople 5"
"trawienie_24.jpg",1115.7228915662652,802.9978586723769,1186.40562248996,943.0406852248394,"Dicoflor krople 5"
"trawienie_24.jpg",1177.4096385542168,806.8522483940043,1240.3815261044176,940.4710920770877,"Dicoflor krople 5"
"trawienie_24.jpg",984.6385542168674,664.2398286937901,1051.4658634538152,796.5738758029977,"Dicoflor krople 5"
"trawienie_24.jpg",1050.1807228915663,666.8094218415417,1111.8674698795182,801.713062098501,"Dicoflor krople 5"
"trawienie_24.jpg",1070.74297188755,443.254817987152,1315.9839357429719,576.8736616702355,"Verdin Complexx"
"trawienie_24.jpg",825.281124497992,439.4004282655246,1074.5983935742972,575.5888650963598,"Verdin Complexx"
"trawienie_24.jpg",1068.1726907630523,48.82226980728051,1286.6465863453816,195.28907922912205,"Polprazol MAX"
"trawienie_24.jpg",786.7269076305221,244.11134903640254,1027.0481927710844,391.8629550321199,"Controloc Control"
"trawienie_24.jpg",1020.6224899598393,249.25053533190578,1240.3815261044176,388.0085653104925,"Controloc Control"
"trawienie_24.jpg",1233.9558232931727,259.5289079229122,1398.4538152610442,386.7237687366167,"Controloc Control"
"trawienie_24.jpg",495,426.5524625267666,744.3172690763053,569.1648822269807,"DOZ Travium"
"trawienie_24.jpg",546.4056224899598,256.9593147751606,731.4658634538152,384.1541755888651,"Ulgix wzdecia MAX"
"trawienie_24.jpg",369.0562248995984,258.2441113490364,550.2610441767068,385.4389721627409,"Ulgix wzdecia MAX"
"trawienie_24.jpg",213.55421686746988,46.2526766595289,344.6385542168675,191.43468950749462,"Essentiale MAX"
"trawienie_24.jpg",335.6425702811245,47.53747323340471,466.7269076305221,194.00428265524624,"Essentiale MAX"
"trawienie_24.jpg",455.16064257028114,41.113490364025694,587.5301204819277,195.28907922912205,"Essentiale MAX"
"trawienie_28.jpg",239.2570281124498,86.0813704496788,441.0240963855422,237.68736616702353,"Polprazol MAX"
"trawienie_28.jpg",628.6546184738955,52.67665952890792,694.1967871485944,235.11777301927194,"Iberogast"
"trawienie_28.jpg",694.1967871485944,38.54389721627409,772.5903614457831,236.40256959314775,"Iberogast"
"trawienie_28.jpg",770.0200803212851,38.54389721627409,848.4136546184739,240.25695931477514,"Iberogast"
"trawienie_28.jpg",849.6987951807229,38.54389721627409,924.2369477911647,235.11777301927197,"Iberogast"
"trawienie_28.jpg",922.9518072289156,38.54389721627409,1000.0602409638554,231.2633832976445,"Iberogast"
"trawienie_28.jpg",998.7751004016064,41.113490364025694,1075.8835341365461,229.97858672376873,"Iberogast"
"trawienie_28.jpg",1074.5983935742972,1.284796573875803,1173.55421686747,229.97858672376873,"Iberogast"
"trawienie_28.jpg",1170.9839357429719,0,1266.0843373493976,229.97858672376873,"Iberogast"
"trawienie_28.jpg",1264.7991967871485,0,1361.1847389558231,224.83940042826552,"Iberogast"
"trawienie_28.jpg",199.41767068273091,323.7687366167023,399.89959839357425,429.12205567451815,"Controloc Control"
"trawienie_28.jpg",394.7590361445783,319.9143468950749,617.0883534136547,422.69807280513913,"Controloc Control"
"trawienie_28.jpg",619.6586345381526,321.19914346895075,831.7068273092369,422.6980728051392,"Controloc Control"
"trawienie_28.jpg",827.85140562249,314.77516059957173,1110.5823293172691,418.8436830835118,"Ortanol MAX"
"trawienie_28.jpg",1115.7228915662652,308.3511777301927,1407.4497991967874,421.41327623126335,"Ortanol MAX"
"trawienie_28.jpg",640.2208835341364,804.2826552462526,888.2530120481927,985.4389721627408,"Dicoflor kapsulki 30"
"trawienie_28.jpg",890.8232931726908,804.2826552462526,1141.425702811245,980.2997858672376,"Dicoflor kapsulki 60"
"trawienie_28.jpg",1137.570281124498,805.5674518201284,1392.0281124497992,986.7237687366166,"Dicoflor kapsulki 60"
"trawienie_28.jpg",401.18473895582326,808.13704496788,651.7871485943774,984.154175588865,"Dicoflor kapsulki 30"
"trawienie_28.jpg",334.3574297188755,856.9593147751606,399.8995983935743,989.2933618843683,"Dicoflor krople 5"
"trawienie_28.jpg",275.2409638554217,858.2441113490363,339.4979919678715,986.7237687366166,"Dicoflor krople 5"
"trawienie_28.jpg",217.40963855421685,853.1049250535332,280.3815261044177,988.0085653104925,"Dicoflor krople 5"
"trawienie_28.jpg",231.54618473895582,716.916488222698,289.37751004016064,846.6809421841541,"Dicoflor krople 5"
"trawienie_28.jpg",234.1164658634538,484.3683083511777,491.144578313253,611.5631691648821,"Verdin Complexx"
"trawienie_28.jpg",486.00401606425703,493.3618843683083,664.6385542168675,611.5631691648822,"DOZ Na watrobe FORTE"
"trawienie_28.jpg",660.562248995984,494.6466809421841,758.2329317269076,610.2783725910062,"Hepatil"
"trawienie_28.jpg",758.4538152610442,494.6466809421841,848.4136546184739,616.7023554603854,"Hepatil"
"trawienie_28.jpg",844.5582329317269,494.6466809421841,938.3734939759037,610.2783725910064,"Hepatil"
"trawienie_28.jpg",933.2329317269076,495.93147751605994,1028.3333333333333,610.2783725910064,"Hepatil"
"trawienie_28.jpg",1029.6184738955824,474.0899357601713,1123.433734939759,610.2783725910064,"Hepatil Slim"
"trawienie_28.jpg",1126.004016064257,472.8051391862955,1221.1044176706828,612.847965738758,"Hepatil Slim"
"trawienie_28.jpg",1222.3895582329317,467.66595289079225,1322.6305220883532,607.7087794432548,"Hepatil Slim"
"trawienie_28.jpg",1317.4899598393574,471.52034261241965,1399.738955823293,607.7087794432548,"Hepatil Slim"
"trawienie_29.jpg",1016.5461847389558,115.63169164882227,1221.1044176706828,260.8137044967879,"Polprazol MAX"
"trawienie_29.jpg",487.28915662650604,321.19914346895075,670.843373493976,445.82441113490364,"Ulgix wzdecia MAX"
"trawienie_29.jpg",303.5140562248996,317.3447537473233,486.00401606425703,443.25481798715197,"Ulgix wzdecia MAX"
"trawienie_29.jpg",272.6706827309237,106.63811563169165,398.61445783132535,250.5353319057816,"Essentiale MAX"
"trawienie_29.jpg",393.4738955823293,106.63811563169165,520.7028112449799,250.5353319057816,"Essentiale MAX"
"trawienie_29.jpg",646.6465863453815,0,735.3212851405622,128.4796573875803,"Kreon Travix"
"trawienie_29.jpg",435.8835341365462,488.2226980728051,680.0602409638554,634.6895074946466,"DOZ Travium"
"trawienie_29.jpg",530.9839357429719,835.1177730192719,709.6184738955824,991.8629550321199,"Enteris balance"
"trawienie_29.jpg",344.6385542168675,847.9657387580299,536.1244979919679,1005.9957173447538,"Enteris balance"
"trawienie_29.jpg",930.6626506024096,728.4796573875802,994.9196787148594,849.2505353319057,"Dicoflor krople 5"
"trawienie_29.jpg",989.7791164658635,727.1948608137045,1048.8955823293172,853.1049250535332,"Dicoflor krople 5"
"trawienie_29.jpg",948.6546184738955,864.6680942184154,1007.7710843373493,995.7173447537473,"Dicoflor krople 5"
"trawienie_29.jpg",1005.2008032128514,864.6680942184154,1064.3172690763051,997.0021413276231,"Dicoflor krople 5"
"trawienie_29.jpg",1060.4618473895582,862.0985010706638,1122.14859437751,990.5781584582442,"Dicoflor krople 5"
"trawienie_29.jpg",1118.293172690763,860.813704496788,1177.4096385542168,990.578158458244,"Dicoflor krople 5"
"trawienie_29.jpg",1168.4136546184739,809.4218415417558,1397.1686746987953,988.0085653104925,"Dicoflor kapsulki 30"
"trawienie_29.jpg",1008.8353413654619,495.93147751605994,1242.9518072289156,624.4111349036402,"Verdin Complexx"
"trawienie_29.jpg",744.3172690763053,314.77516059957173,960.2208835341366,444.53961456102786,"Controloc Control"
"trawienie_29.jpg",961.5060240963855,321.19914346895075,1168.4136546184739,440.6852248394004,"Controloc Control"
"trawienie_29.jpg",1169.698795180723,322.48394004282653,1370.1807228915663,449.67880085653104,"Controloc Control"
"trawienie_29.jpg",1240.1606425702812,512.6338329764453,1398.4538152610442,624.4111349036402,"DOZ Na watrobe FORTE"
"trawienie_3.jpg",1276.3654618473895,732.3340471092076,1398.4538152610442,822.2698072805139,"DOZ Olej z wiesiolka"
"trawienie_3.jpg",1282.7911646586344,822.2698072805139,1398.4538152610442,904.4967880085653,"DOZ Olej z wiesiolka"
"trawienie_3.jpg",1100.301204819277,835.1177730192719,1287.9317269076305,907.0663811563169,"Ortanol MAX"
"trawienie_3.jpg",1102.871485943775,756.745182012848,1280.2208835341364,836.4025695931477,"Ortanol MAX"
"trawienie_3.jpg",967.9317269076305,715.6316916488222,1102.871485943775,809.4218415417558,"Polprazol MAX"
"trawienie_3.jpg",966.6465863453815,809.4218415417558,1105.441767068273,903.2119914346895,"Polprazol MAX"
"trawienie_3.jpg",832.7710843373494,796.5738758029978,961.5060240963855,905.7815845824409,"Bioprazol MAX"
"trawienie_3.jpg",700.6224899598393,797.8586723768736,838.1325301204819,896.7880085653105,"Controloc Control"
"trawienie_3.jpg",557.9718875502008,808.13704496788,699.3373493975903,895.5032119914346,"Controloc Control"
"trawienie_3.jpg",417.89156626506025,804.2826552462526,560.5421686746988,900.6423982869378,"Controloc Control"
"trawienie_3.jpg",442.30923694779113,1034.2612419700213,557.9718875502008,1120.3426124197001,"DOZ Probiotyk"
"trawienie_3.jpg",718.6144578313254,1023.9828693790149,840.70281124498,1124.1970021413276,"Enteris defence"
"trawienie_3.jpg",843.2730923694779,1026.5524625267665,965.3614457831326,1129.3361884368308,"Enteris balance"
"trawienie_3.jpg",961.5060240963855,1017.558886509636,1079.738955823293,1115.203426124197,"Enteris immune"
"trawienie_3.jpg",430.7429718875502,538.3297644539614,575.9638554216867,632.119914346895,"Verdin Complexx"
"trawienie_3.jpg",600.3815261044176,453.53319057815844,758.4538152610442,543.4689507494646,"DOZ Travium"
"trawienie_3.jpg",599.0963855421687,544.7537473233405,757.1686746987953,632.119914346895,"DOZ Travium"
"trawienie_3.jpg",753.3132530120482,546.0385438972163,898.5341365461848,634.6895074946467,"DOZ Travium"
"trawienie_3.jpg",753.3132530120482,465.09635974304064,895.9638554216867,547.323340471092,"DOZ Travium"
"trawienie_3.jpg",668.4939759036145,296.78800856531046,797.0080321285141,368.73661670235543,"Sylimarol"
"trawienie_3.jpg",548.9759036144578,295.5032119914347,673.6345381526104,362.3126338329764,"Sylimarol"
"trawienie_3.jpg",424.3172690763052,290.36402569593145,555.4016064257028,361.0278372591006,"Sylimarol"
"trawienie_3.jpg",425.6024096385542,228.69379014989292,550.2610441767068,292.93361884368306,"Sylimarol"
"trawienie_3.jpg",548.9759036144578,240.25695931477514,662.0682730923695,299.3576017130621,"Sylimarol"
"trawienie_3.jpg",656.9277108433735,227.4089935760171,767.4497991967871,304.4967880085653,"Sylimarol"
"trawienie_3.jpg",789.2971887550201,286.50963597430405,867.6907630522088,364.88222698072803,"Essentiale Forte"
"trawienie_3.jpg",862.5502008032129,286.50963597430405,939.6586345381527,370.0214132762312,"Essentiale Forte"
"trawienie_3.jpg",935.8032128514056,289.07922912205566,1015.4819277108434,371.30620985010705,"Essentiale Forte"
"trawienie_3.jpg",1018.0522088353414,276.23126338329763,1100.3012048192772,370.0214132762312,"Essentiale MAX"
"trawienie_3.jpg",1024.4779116465863,178.58672376873662,1105.441767068273,274.94646680942185,"Essentiale MAX"
"trawienie_3.jpg",1093.875502008032,276.23126338329763,1176.124497991968,373.87580299785867,"Essentiale MAX"
"trawienie_3.jpg",1165.8433734939758,196.57387580299786,1227.5301204819277,280.0856531049251,"Kreon Travix"
"trawienie_3.jpg",1173.55421686747,286.50963597430405,1231.3855421686746,372.59100642398283,"Kreon Travix"
"trawienie_3.jpg",1228.8152610441766,286.50963597430405,1284.0763052208833,375.16059957173445,"Kreon Travix"
"trawienie_3.jpg",1287.9317269076305,259.5289079229122,1336.7670682730923,372.5910064239829,"Iberogast"
"trawienie_3.jpg",1335.4819277108434,251.82012847965737,1385.6024096385543,375.16059957173445,"Iberogast"
"trawienie_3.jpg",459.0160642570281,462.5267665952891,599.0963855421687,538.3297644539614,"Verdin Complexx"
"trawienie_3.jpg",915.2409638554217,465.09635974304064,1029.6184738955824,552.4625267665953,"DOZ Na watrobe FORTE"
"trawienie_3.jpg",904.9598393574297,549.8929336188437,1028.3333333333333,637.2591006423983,"DOZ Na watrobe FORTE"
"trawienie_3.jpg",1025.7630522088352,543.4689507494646,1090.0200803212851,637.2591006423983,"Hepatil"
"trawienie_3.jpg",1061.7469879518071,468.9507494646681,1124.718875502008,549.8929336188437,"Hepatil"
"trawienie_3.jpg",1086.1646586345382,549.8929336188437,1150.4216867469881,638.5438972162741,"Hepatil"
"trawienie_3.jpg",1145.2811244979919,552.4625267665953,1208.2530120481927,638.5438972162741,"Hepatil Slim"
"trawienie_3.jpg",1204.3975903614457,555.0321199143468,1268.6546184738954,643.6830835117772,"Hepatil Slim"